6135e245000000000102e225,å¹¿å·æ¼«å±•ï½œCpsp 2021 9.5ç¶æ´²æ¼«å±•ğŸ“·,35,Jimchiç§‹,https://sns-avatar-qc.xhscdn.com/avatar/5c50162ec3bc750001726efd.jpg?imageView2/2/w/80/format/jpg,5beea39a1e6a89000152ebd1,2021-09-06 17:41
613721510000000001026a42,å¹¿å·2021CPSPåŠ¨æ¼«å±•,19,Aki,https://sns-avatar-qc.xhscdn.com/avatar/5f84942fdc09f50001e1a0d3.jpg?imageView2/2/w/80/format/jpg,5d0ef17f0000000011035fe6,2021-09-07 16:22
616289cd000000002103b1eb,å¾•å¡Q2ï½œä¿å¯Œå›¾A1ï½œ2021å¹¿å·è¤ç«è™«æ¼«å±•,2,é™³å¤§æ¢¨å‘€,https://sns-avatar-qc.xhscdn.com/avatar/60ab746d5439d5d6e274936d.jpg?imageView2/2/w/80/format/jpg,58f9b3da82ec3972b7d4dd5d,2021-10-10 14:35
6182358c000000000102ba33,2021å¹´å¹¿å·cicfæ¼«å±•è¿”å›¾,42,å¸ƒä¸,https://sns-avatar-qc.xhscdn.com/avatar/5e4fa8e6d44d82000195030e.jpg?imageView2/2/w/80/format/jpg,5dc7ae920000000001004cc5,2021-11-03 15:09
617c4177000000000102b05b,å–å£å’–å•¡å‡ºå‘ï¼Œå¹¿å·CICFæ¼«å±•2021æ‰“å¡ã€‚,7,è‹æµ·JMAX,https://sns-avatar-qc.xhscdn.com/avatar/617c4abaa4ae560b62403d28.jpg?imageView2/2/w/80/format/jpg,5ae342eb4eacab24f4ed4a03,2021-10-30 02:46
61815d4f000000000102baf5,2021å¹¿å·cicfæ¼«å±•#2021å¹¿å·cicf #å¹¿å·æ¼«å±• #æ¼«å±• ,2,M,https://sns-avatar-qc.xhscdn.com/avatar/5f56cf6d0000000001001cc8.jpg?imageView2/2/w/80/format/jpg,5f56cf6d0000000001001cc8,2021-11-02 23:46
600f6aaf000000000101f7f1,æ”¶è—ğŸ’™å¹¿å·2021å¹´æ¼«å±•æœ€å…¨æ±‡æ€»2~6æœˆ(ä¸Š),36,å§œå­ç‰™,https://sns-avatar-qc.xhscdn.com/avatar/607c2fb0362b1163e6016c46.jpg?imageView2/2/w/80/format/jpg,569cbadeb8ce1a1ceb0192ea,2021-01-26 09:04
617d3162000000000102adbf,å¹¿å·æ¼«å±•ï½œCICF 2021 Day 1,22,å°ä¼˜Yoyoko,https://sns-avatar-qc.xhscdn.com/avatar/5e46cd7b0000000001007961.jpg?imageView2/2/w/80/format/jpg,5e46cd7b0000000001007961,2021-10-30 19:49
613d8af9000000000102fcbb,å¹¿å·CP2021SPâ€–æ¼«å±•è¿”å›¾â€–å¹¿å·çº¦æ‹,3,é¸¡ç¿¼,https://sns-avatar-qc.xhscdn.com/avatar/613c2a75934e5f255ed93b98.jpg?imageView2/2/w/80/format/jpg,613c29ec000000000201822a,2021-09-12 13:07
619d947e00000000210386a6,å¹¿å·2021cpsp,129,å¯‚å¯çš„æ©˜å­çš®,https://sns-avatar-qc.xhscdn.com/avatar/6016ba9c2dc06a00010fd68f.jpg?imageView2/2/w/80/format/jpg,5e9a5ac70000000001000a40,2021-11-24 09:25
617010090000000001029a8d,ä¸‡åœ£èŠ‚ï¼Œå¹¿å·å¯ä»¥å»çœ‹æ¼«å±•ï¼,584,å›½æ¼«æ¬¢ä¹å¤š,https://sns-avatar-qc.xhscdn.com/avatar/61603b3793f090b0b6932e96.jpg?imageView2/2/w/80/format/jpg,5ab12eac11be106295ec2274,2021-10-20 20:48
61800be3000000000102d992,å¹¿å·Â·20211031 CICFÃ—AGF å¹¿å·åŠ¨æ¼«æ¸¸æˆå±• 30s å¤šå¹´åé‡è¿”æ¼«å±•,4,å•Šé”‹å•Š,https://sns-avatar-qc.xhscdn.com/avatar/609633f67b120e97c9814242.jpg?imageView2/2/w/80/format/jpg,5a89a72a4eacab51f640b4f1,2021-11-01 23:46
6087c7c700000000210354eb,äº”ä¸€å¹¿å·è¤ç«è™«æ¼«å±•,16,å‘†è‹—è‹—,https://sns-avatar-qc.xhscdn.com/avatar/612a645a83f017447dad07e1.jpg?imageView2/2/w/80/format/jpg,577b98e582ec3925255acab3,2021-04-27 16:13
617aa54e000000002103432b,å¹¿å·æ¼«å±•(*Â´ï¹ƒï½€*)ä½“æ“æœå¥½å¯çˆ±ï¼ï¼,86,å–µé†¬å™—å™—Xl ing,https://sns-avatar-qc.xhscdn.com/avatar/619badaae3e7934b32c4938d.jpg?imageView2/2/w/80/format/jpg,5b5c95d94eacab33130143b4,2021-10-28 21:27
6135d82500000000210392f5,å¹¿å·æ¼«å±•| æ¼«å±•åˆ†äº«,9,é™¸é™†å…­6,https://sns-avatar-qc.xhscdn.com/avatar/6135f05bffec0af7ea6a43d7.jpg?imageView2/2/w/80/format/jpg,5e6310180000000001007fcb,2021-09-06 16:58
61809807000000002103ac47,æ€ªç›—åŸºå¾·åœ¨æ¼«å±•å˜é­”æœ¯ï¼æ€ªç›—åŸºå¾·cicf,10,åŸºå¾·çš„ç¤¼å¸½,https://sns-avatar-qc.xhscdn.com/avatar/6180994f161b393dd50856cc.jpg?imageView2/2/w/80/format/jpg,601a8290000000000100b2a3,2021-11-02 09:44
613b1ee30000000021039c4d,ä¸­ç§‹èŠ‚48åœºæ¼«å±•è¶…å…¨ç›˜ç‚¹ï¼è¿™ä¸‹æœ‰å¾—ç©å•¦ï¼,18,å¤§è„¸çŒ«lya,https://sns-avatar-qc.xhscdn.com/avatar/610368d1bd5cc6f08d4a7c0d.jpg?imageView2/2/w/80/format/jpg,5e9fef6a000000000100475f,2021-09-10 17:01
6139e4300000000021037d3d,å¹¿å·CPSP æ¼«å±•,19,é™¸é™†å…­6,https://sns-avatar-qc.xhscdn.com/avatar/6135f05bffec0af7ea6a43d7.jpg?imageView2/2/w/80/format/jpg,5e6310180000000001007fcb,2021-09-09 18:38
61aecbca000000000102bceb,å¹¿å·è¤ç«è™«æ¼«å±•,2,-Jack,https://sns-avatar-qc.xhscdn.com/avatar/5db7fc37b5680800014074b6.jpg?imageView2/2/w/80/format/jpg,5db7fbe2000000000100be36,2021-12-07 10:49
61a4ccb900000000010257a4,å…ƒæ—¦çœ‹æ¼«å±•â—å¹¿å·é•¿æ²™çŸ³å®¶åº„å—äº¬åˆé›†,20,å›½æ¼«æ¬¢ä¹å¤š,https://sns-avatar-qc.xhscdn.com/avatar/61603b3793f090b0b6932e96.jpg?imageView2/2/w/80/format/jpg,5ab12eac11be106295ec2274,2021-11-29 20:51
618cd656000000000102e908,2021 cp28æ¼«å±•è¿”å›¾,202,ã‚ªãƒ­ãƒ­ãƒ­ãƒ­,https://sns-avatar-qc.xhscdn.com/avatar/6163da5a01b9f9946d7366e8.jpg?imageView2/2/w/80/format/jpg,5f559f9c000000000100b3d4,2021-11-11 16:37
6097a7a600000000010268d8,2021FJOYäº”ä¸€æ¼«å±•,3862,weiew,https://sns-avatar-qc.xhscdn.com/avatar/5f8bebf5e2dbee0001de72d7.jpg?imageView2/2/w/80/format/jpg,5f8be3220000000001007f62,2021-05-09 17:13
606d81bb000000000102456b,ä¸œæ–¹Project åšä¸½çµæ¢¦,6,å¹»æ¢¦é†’,https://sns-avatar-qc.xhscdn.com/avatar/5f5c6b1a90c6850001944b1c.jpg?imageView2/2/w/80/format/jpg,5dad58590000000001007293,2021-04-07 17:56
6187753c000000000102d66d,æ´»æ‰2021å¹¿å·CICF cosplayå°å§å§,3,æˆ‘æ˜¯ç†Šå…ˆç”Ÿ,https://sns-avatar-qc.xhscdn.com/avatar/61848aabb66c456b2af3045a.jpg?imageView2/2/w/80/format/jpg,6126e066000000000101d015,2021-11-07 14:42
5fc4aec6000000000100bc64,å¹¿å·å¤ªå¤æ±‡åœ£è¯ğŸ†“ æ–°å±•ğŸ„383å·æ¼«æƒ³å¤§é“,805,æ—å¿ƒè¯š,https://sns-avatar-qc.xhscdn.com/avatar/61695720c2f2bd90b8d973df.jpg?imageView2/2/w/80/format/jpg,5bca07f4b605220001fbcf97,2020-11-30 16:35
61ac934c0000000021039fd4,å¹¿å·æ–°å±•ğŸ’™æ»¡å±éƒ½æ˜¯è“ç²¾çµå¥½å¯çˆ±0âƒ£ï¸å…ƒğŸ’°,22,ShermanğŸ‘,https://sns-avatar-qc.xhscdn.com/avatar/617b075b6853ea75891059db.jpg?imageView2/2/w/80/format/jpg,58d9f00e50c4b41758d71ed1,2021-12-05 18:24
61ae15f7000000000102f8ed,æœˆé‚ªæ¼«å±•,1,å†¥å¤œå‡Œéœœ,https://sns-avatar-qc.xhscdn.com/avatar/61adff3ab1236b3cdafd30c1.jpg?imageView2/2/w/80/format/jpg,61470606000000000201f0bd,2021-12-06 21:53
60a906d20000000006026564,å¹¿å·æ¼«å±•ï¼ŒçœŸçš„å¥½ç©,236,æ–‡æ­£,https://sns-avatar-qc.xhscdn.com/avatar/61a8c0c07083b82b6b8f069f.jpg?imageView2/2/w/80/format/jpg,5fa5603b0000000001007a07,2021-05-22 21:27
617d71d400000000010253c0,å¹¿å·TTSå…¨çƒæ½®æµè‰ºæœ¯å˜‰å¹´åxCICFæ¼«å±•ğŸª„,16,Choièœèœå­,https://sns-avatar-qc.xhscdn.com/avatar/605b7e93d40d4859125a0a1a.jpg?imageView2/2/w/80/format/jpg,5978c6e182ec39253a6a1289,2021-10-31 00:24
6187c0840000000001024273,å¹¿å·æ¼«å±•cocexpo,29,æœäº‘å¤•é¢œï¼ˆæ‘„å½±ï¼‰,https://sns-avatar-qc.xhscdn.com/avatar/6189edc862db4b7880d2909b.jpg?imageView2/2/w/80/format/jpg,5c6d04c60000000012006596,2021-11-07 20:03
6187a51e000000000102d91a,é•¿è¾ˆä¸€å¬å°±æ‘‡å¤´çš„å¹¿å·æ¼«å±•ï¼Œåˆ°åº•å“ªé‡Œæƒ¹ä»–ä»¬,9,æ´‹æ°”çš„éª‚éª‚,https://sns-avatar-qc.xhscdn.com/avatar/5bfbb92096814f0001cb59b8.jpg?imageView2/2/w/80/format/jpg,586df5a350c4b472db9a5bac,2021-11-07 18:06
60936da300000000010271c2,å¹¿å·ç¶æ´²è¤ç«è™«æ¼«å±•,268,é™¸é™†å…­6,https://sns-avatar-qc.xhscdn.com/avatar/6135f05bffec0af7ea6a43d7.jpg?imageView2/2/w/80/format/jpg,5e6310180000000001007fcb,2021-05-06 12:16
6180b279000000002103aab1,å¹¿å·æ¼«å±•ç«çˆ†ç°åœº,680,Nigoé™³å‚‘,https://sns-avatar-qc.xhscdn.com/avatar/5d30d288a43f000001db3dff.jpg?imageView2/2/w/80/format/jpg,5d30d231000000001100fdb5,2021-11-02 11:37
61ab310b000000002103ef78,å¹¿å·12æœˆå±•è§ˆåˆé›†ğŸ’¥0å…ƒæ‰“å¡å¯çˆ±æ²»æ„ˆå±•,271,å˜Ÿå°å˜Ÿ,https://sns-avatar-qc.xhscdn.com/avatar/608f91a5b7223d268406157f.jpg?imageView2/2/w/80/format/jpg,5b67ce536b58b779b2b77c21,2021-12-04 17:12
61a7067c000000002103bdc0,å¹¿å·ç¶æ´²æ±Ÿè¾¹éœ²å¤©å…è´¹æ¼«å±•#å¹¿å·æ¼«å±• ##æ¼«å±• #æ¼«å±•åˆ†äº« #æ¼«å±•è¿”å›¾ ,3,å®šæ ¼ä¸–ç•Œé»‘ç™½,https://sns-avatar-qc.xhscdn.com/avatar/6077c5520000000001005f8d.jpg?imageView2/2/w/80/format/jpg,6077c5520000000001005f8d,2021-12-01 13:22
619a3b2200000000010279a9,å¹¿å·ACGæ¼«å±•,3,ç¾Š,https://sns-avatar-qc.xhscdn.com/avatar/604d85a7103fa51dbf71dcc8.jpg?imageView2/2/w/80/format/jpg,5c8aa55e000000001000c9c5,2021-11-21 20:27
61837ece000000002103ac42,å¹¿å·11-12æœˆä»½å±•è§ˆå¤§å…¨å¹¿å·æœ€æ–°çœ‹å±•æ”»ç•¥,3283,å­˜çŸ¥å·±å¯„å­˜-è¡Œæå¯„å­˜å¹³å°,https://sns-avatar-qc.xhscdn.com/avatar/5eb9f86329124a00017b0460.jpg?imageView2/2/w/80/format/jpg,5b4dbde611be101caff00b5b,2021-11-04 14:33
59d1b133937426556f518ed4,å¹¿å·ã€‚CICFå›½é™…æ¼«å±•ã€‚,34,æ–¹æªæª,https://sns-avatar-qc.xhscdn.com/avatar/5ac8695fd2c8a5393e1e4e5f.jpg?imageView2/2/w/80/format/jpg,5573ab4ac2bdeb292e0976c9,2017-10-02 11:23
6068938d000000002103dd9e,å¹¿å·æ¸…æ˜æ¼«å±•day1,255,å«èæ‘„å½±,https://sns-avatar-qc.xhscdn.com/avatar/5f153feb00000000010022e0.jpg?imageView2/2/w/80/format/jpg,5f153feb00000000010022e0,2021-04-04 00:10
61868b2500000000010255bc,å¹¿å·æ¼«å±•ï¼šè®°å½•ç¬¬ä¸€æ¬¡æ¼«å±•âœ¨å®Œç»“âœ¨ï½œPart â‘¥,5,Damonåä¸ƒ,https://sns-avatar-qc.xhscdn.com/avatar/616fee5742b641396ff03c6b.jpg?imageView2/2/w/80/format/jpg,6044ee77000000000101e2bf,2021-11-06 22:03
6008f41c000000000100599e,å¹¿å·è¤ç«è™«æ¼«å±•JKï¼ŒLolitaå’Œcoseræœ‰å¤šå¥½çœ‹,7,æœ«å‘¨äººè¡Œ,https://sns-avatar-qc.xhscdn.com/avatar/5dd33a61f92af4000130d3cd.jpg?imageView2/2/w/80/format/jpg,5dd339df0000000001004995,2021-01-21 11:25
617c0f87000000002103b9c3,æ¼«å±•ï¼Œå¹¿å·æ¼«å±•åˆæ¥äº†ï¼Œæ‘„å½±å¸ˆä»¬å‡†å¤‡å¥½äº†å—,7,åå¤è§†è§’,https://sns-avatar-qc.xhscdn.com/avatar/6140acd164aa161e79c04eab.jpg?imageView2/2/w/80/format/jpg,613de065000000001f03c17d,2021-10-29 23:13
617c07230000000001027088,å¹¿å·æ¼«å±•æ‰“å¡,5,ç™½é©¹è¿œå¿—,https://sns-avatar-qc.xhscdn.com/avatar/60e614c69ac6318cb0957154.jpg?imageView2/2/w/80/format/jpg,5c60e285000000001203c579,2021-10-29 22:37
5f84394f0000000001007701,å¹¿å·æ¼«å±•ï¼ŒåŸºæƒ…æ»¡æ»¡çš„ä¸€å¤©,3,å››å–œ,https://sns-avatar-qc.xhscdn.com/avatar/613a2bd2c696573748ec4947.jpg?imageView2/2/w/80/format/jpg,5d23765e0000000012020402,2020-10-12 19:09
61acc32b00000000210343d7,Shareï½œå±•è§ˆï½œå¹¿å·ä¸œå±±å£,11,è·è¥¿,https://sns-avatar-qc.xhscdn.com/avatar/61acb4509137383596d55a3e.jpg?imageView2/2/w/80/format/jpg,5af7b2f74eacab706fc5bb36,2021-12-05 21:48
61ab77da0000000001028432,å¹¿å·å±•â–ªè·Ÿç€æ¾é¼ å®‡èˆªå‘˜ç©¿æ¢­å¤ªå¤æœˆçƒåèŠ±å›­,18,pINkå§å§-,https://sns-avatar-qc.xhscdn.com/avatar/612508972565c7467fd96996.jpg?imageView2/2/w/80/format/jpg,5b18f4994eacab2760edefec,2021-12-05 08:00
61a4e23a0000000021039138,2021å¹´ç¬¬å…­å±Šå¹¿å·å¨ƒå±•ã€GZDPã€,4,ç¦åœ°ç†Š,https://sns-avatar-qc.xhscdn.com/avatar/60fedd62c6f74ec2a2049934.jpg?imageView2/2/w/80/format/jpg,5cb6a1ed00000000160269cd,2021-11-29 22:22
6184dd500000000001026ac9,å¹¿å·åŠ¨æ¼«ä¸Šçš„å°å§å§,29,å¤šå§å°±æ˜¯æˆ‘,https://sns-avatar-qc.xhscdn.com/avatar/61853396dacf35643eacc986.jpg?imageView2/2/w/80/format/jpg,5857b8c66a6a6919e973a24a,2021-11-05 15:29
617cb7ec000000002103634f,å¹¿å·æ¼«å±•|CICFğŸ“¸ æ¼«å±•åˆ†äº«â‘ ,20,æ— ä¸ä¼¦æ¯”çš„é˜¿å‘¨,https://sns-avatar-qc.xhscdn.com/avatar/617fea5223ad08b03a055754.jpg?imageView2/2/w/80/format/jpg,609b9724000000000101e1e6,2021-10-30 11:11
61921815000000002103c02d,BW2021ä¼šæœ‰å¹¿å·å—ï¼ï¼,1,å°é¸­å¾ˆå›°,https://sns-avatar-qc.xhscdn.com/avatar/6184c962cdcc66b9c22f7cf7.jpg?imageView2/2/w/80/format/jpg,612c708d0000000001009cff,2021-11-15 16:19
6189ca960000000021039cef,å¹¿å·æ¼«å±•|Cocæ¼«å±•è¿”å›¾,19,é‚»å®¶é˜¿ä¸ƒ,https://sns-avatar-qc.xhscdn.com/avatar/5da65a2d0000000001002d8c.jpg?imageView2/2/w/80/format/jpg,5da65a2d0000000001002d8c,2021-11-09 09:10
619d4825000000000102b140,å¥¥ç‰¹æ›¼ï¼åˆå·æœºï¼coser!å¿«æ¥çœ‹çœ‹å¹¿å·æ¼«å±•,1,æœ«å‘¨äººè¡Œ,https://sns-avatar-qc.xhscdn.com/avatar/5dd33a61f92af4000130d3cd.jpg?imageView2/2/w/80/format/jpg,5dd339df0000000001004995,2021-11-24 03:59
5f3814ae000000000100b755,å¹¿å·æ¼«å±•,2017,å¸¦ç€è‰å¸½å»æ—…æ¸¸,https://sns-avatar-qc.xhscdn.com/avatar/5e9e985801ebc300019515ae.jpg?imageView2/2/w/80/format/jpg,5d48e30d000000001002efe7,2020-08-16 01:00
615eac1700000000210345ec,å¹¿å·çœ‹å±• | 0å…ƒæ‹å‡ºé«˜çº§æ„ŸğŸ“·,207,nana,https://sns-avatar-qc.xhscdn.com/avatar/618fc1973fdce9c41835cf48.jpg?imageView2/2/w/80/format/jpg,5b37a2144eacab25efb2834e,2021-10-07 16:13
61666a960000000021038ebb,å¹¿å·çœ‹å±• | æ— æä¹‹å¤–Â·å°šæ¦•ç¾æœ¯é¦†,34,Boundless,https://sns-avatar-qc.xhscdn.com/avatar/61093d0946377c8edbad68bd.jpg?imageView2/2/w/80/format/jpg,59ac8d2e50c4b46fe469af57,2021-10-13 13:11
619e2130000000002103bb39,å¹¿å·çœ‹å±•ï½œã€Œå†™ç©ºã€,630,å°9,https://sns-avatar-qc.xhscdn.com/avatar/615214194a6acd660d30aa07.jpg?imageView2/2/w/80/format/jpg,5c0e1986000000000503cc21,2021-11-24 19:25
61840e1c000000002103f030,2021å¹¿å·CICFxAGFï½œå¶é‡ä¸€åªä¼šçœ‹å±•çš„çŒ«ğŸ±,11,åƒä¸€éš»ç¾Š,https://sns-avatar-qc.xhscdn.com/avatar/61840ed875e1cc6407ac899a.jpg?imageView2/2/w/80/format/jpg,599ffb1482ec394a535b753e,2021-11-05 00:45
61ad9e38000000002103466b,æœ€æ–°ï¼12æœˆå¹¿å·è‰ºæœ¯å±•å®‰åˆ© | å¤§éƒ¨åˆ†å…è´¹,2,è‰ºè§ˆä¸–ç•Œ,https://sns-avatar-qc.xhscdn.com/avatar/6142d8c65542e4f651b13687.jpg?imageView2/2/w/80/format/jpg,60ac500b0000000001007560,2021-12-06 13:23
614d94f5000000000102ce69,å¹¿ä¸œçœå›½åº†å‡æœŸ16åœºæ¼«å±•è¶…å…¨ç›˜ç‚¹ï¼,28,å¤§è„¸çŒ«lya,https://sns-avatar-qc.xhscdn.com/avatar/610368d1bd5cc6f08d4a7c0d.jpg?imageView2/2/w/80/format/jpg,5e9fef6a000000000100475f,2021-09-24 17:05
61aef04d0000000021036065,å¹¿å·æ¢å±•ï½œJellycat 180cmè¶…å¤§å·´å¡ç½—ç†Šå±•ğŸ»,0,éƒ­é«˜æ¯”Colbie,https://sns-avatar-qc.xhscdn.com/avatar/5b07fb2cd1d3b96166d80ba1.jpg?imageView2/2/w/80/format/jpg,576ca90482ec392f9c0089aa,2021-12-07 13:25
61a9e448000000000102f9d1,33#è¡—åŒºÃ—è¶…æ–°æ˜Ÿ|ã€é¹…åŸåŠ¨æ¼«å˜‰å¹´åã€‘å®šæ¡£ï¼,1,å›§å›§,https://sns-avatar-qc.xhscdn.com/avatar/61245edcc8996409820dafaf.jpg?imageView2/2/w/80/format/jpg,5dfc1454000000000100aae6,2021-12-03 17:32
61895bbe000000000102c30f,11æœˆå°ä¼—æ–°å±•|0âƒ£ï¸å…ƒå…è´¹çœ‹äº†ä¸‰ä¸ªå±•â—ï¸â—ï¸â—ï¸,355,è¾£è¾£,https://sns-avatar-qc.xhscdn.com/avatar/6123cdff2381b2a4c6400f3a.jpg?imageView2/2/w/80/format/jpg,59cdad2444363b135fd70058,2021-11-09 01:17
5fbf6d2900000000010098d3,å¹¿å·æ–°å±•é¦–å‘â€¼ï¸è¶…ä»™åœ£è¯ç‰¹å±•ç™½å¤œç«¥è¯ğŸ¦‹,308,æµæµªèåœ,https://sns-avatar-qc.xhscdn.com/avatar/5eeb3d5a003f8100010b1c27.jpg?imageView2/2/w/80/format/jpg,5c4a0f1a000000001101e549,2020-11-26 16:54
61ac7fbe0000000001026c03,12æœˆæœ€å€¼å¾—çœ‹çš„å±•â‰ï¸2021å¹´å¹¿å·æ–‡äº¤ä¼šğŸŒˆğŸŒŸ,4,å¤§åŒ…æ•´å¤šä¸¤ç¬¼,https://sns-avatar-qc.xhscdn.com/avatar/6193b8523f8908ea59df09d8.jpg?imageView2/2/w/80/format/jpg,57c0645a82ec3904b08968fa,2021-12-05 17:00
617eb50b000000002103a068,10.31ï¼ˆç¬¬ä¸‰å¤©ï¼‰æ¼«å±•åˆ†äº«#CICF,33,Neverå—¡,https://sns-avatar-qc.xhscdn.com/avatar/6163b703398133571db5c268.jpg?imageView2/2/w/80/format/jpg,5e48a53e0000000001004ae3,2021-10-31 23:23
61a61eae000000002103d913,å¹¿å·çœ‹å±•ï½œé»æ˜ç‰§åœºä¸éŸ³ä¹å…,1,ç§‹ç§‹ç§‹ç§‹å¤©,https://sns-avatar-qc.xhscdn.com/avatar/613f6757efa8470505d2edc9.jpg?imageView2/2/w/80/format/jpg,5aaf327de8ac2b302af00d8d,2021-11-30 20:53
6199b1db000000002103fed0,å¹¿å·æ–°å±•ï½œåœ¨é»æ˜ä¹‹é™…å»æ„Ÿå—åŠ¨ä¸é™çš„ç³…åˆ,213,åé‡,https://sns-avatar-qc.xhscdn.com/avatar/614a92854b2276a93a5b65cf.jpg?imageView2/2/w/80/format/jpg,567e6d201c07df59626d684b,2021-11-21 10:41
61ae0ff70000000001024b1d,2021å¹´12æœˆå¹¿å·æœ€æ–°å±•è§ˆæ›´æ–°58+|å‘¨æœ«çœ‹å±•,13,å¹¿å·çœ‹å±•é€›å¸‚é›†,https://sns-avatar-qc.xhscdn.com/avatar/5f9991518179390001ab7ff6.jpg?imageView2/2/w/80/format/jpg,5a48a0a9e8ac2b3a8acee766,2021-12-06 21:28
61ab3a9a0000000001026288,å¹¿å·æ–°å±•ğŸŠå¤§æ©˜å­åå—é¦–å±•ã€æ˜¯å¿ƒåŠ¨å•Šã€,375,å¸…æ°”çš„æ—å¦¹å¦¹lr,https://sns-avatar-qc.xhscdn.com/avatar/5e87478487b18e0001e98df4.jpg?imageView2/2/w/80/format/jpg,5b0fa288f7e8b904c91500f6,2021-12-04 17:53
61a783bf00000000210347cb,12æœˆå¹¿å·å±•è§ˆï¼Œæœ‰ä¸€èµ·çœ‹å±•çš„å—?ï¼ˆéå…è´¹ç¯‡ï¼‰,16,s.,https://sns-avatar-qc.xhscdn.com/avatar/617fff10e425d6273059b4d1.jpg?imageView2/2/w/80/format/jpg,5a92863c11be107d57e0148c,2021-12-01 22:16
61668b5c0000000001025cbc,å¹¿å·æ–°å±• |ã€Œå†™ç©ºã€,1837,æ¹«,https://sns-avatar-qc.xhscdn.com/avatar/6089654710b21af4d5dda287.jpg?imageView2/2/w/80/format/jpg,5c1ceed50000000007033df1,2021-10-13 15:31
60ed3e7e00000000010277e6,å¹¿å·çœ‹å±• | å°ä¼—å±•è§ˆâ€œä¸å®Œç¾å®šä¹‰â€,78,Cece_Ma,https://sns-avatar-qc.xhscdn.com/avatar/5fe3562276a780e6a41a62ff.jpg?imageView2/2/w/80/format/jpg,5bf6a163b9ecc5000143fb2d,2021-07-13 15:19
61aed125000000000102eb39,å¹¿å·è¤ç«è™«æ¼«å±•,2,-Jack,https://sns-avatar-qc.xhscdn.com/avatar/5db7fc37b5680800014074b6.jpg?imageView2/2/w/80/format/jpg,5db7fbe2000000000100be36,2021-12-07 11:12
61aedc69000000000102f35b,æ¼«å±•,3,å±±æµ·.,https://sns-avatar-qc.xhscdn.com/avatar/61aecf202c0dbf792e6d0b2b.jpg?imageView2/2/w/80/format/jpg,60909e280000000001009a43,2021-12-07 12:00
61adb4a80000000001028543,lolitaæ€ä¹ˆæ‹ï¼ä»Šå¤©æ¥å½“å°å…”å­å•¦,4,æ¾èŒ¸å›åˆºèº«,https://sns-avatar-qc.xhscdn.com/avatar/61275873773f8d5124de3024.jpg?imageView2/2/w/80/format/jpg,5c3bd23100000000050095cb,2021-12-06 14:58
60963c34000000000101d9ec,å¹¿å·æ¼«å±•ï¼Œæ‹åˆ°å†…å­˜å¡çˆ†ç‚¸ï¼,155,æ™ºäº‘ç¨³å®šå™¨,https://sns-avatar-qc.xhscdn.com/avatar/5f23cfff3142bb0001cd5bcc.jpg?imageView2/2/w/80/format/jpg,5f1e93fd0000000001009f0a,2021-05-08 15:22
60fe841e000000000102c3f9,å—å®æ¼«å±•ï½œ2021æœˆé‚ªå¤å­£ç››å…¸,1362,å°ä¼˜Yoyoko,https://sns-avatar-qc.xhscdn.com/avatar/5e46cd7b0000000001007961.jpg?imageView2/2/w/80/format/jpg,5e46cd7b0000000001007961,2021-07-26 17:45
5e0cb59a0000000001006e8e,å¹¿å·å±•è§ˆ ï½œ è¶…å¤§å‹è¤ç«è™«æ¼«å±•â€¼ï¸é”™è¿‡ç­‰ä¸€å¹´,174,é˜¿åˆ˜å…ˆç”Ÿ,https://sns-avatar-qc.xhscdn.com/avatar/5f5228fd51037500011728ee.jpg?imageView2/2/w/80/format/jpg,565d348a82718c3e729ec4bb,2020-01-01 23:07
60c6d9c9000000002103b133,ä¸çŸ¥é“æ¼«å±•æ€ä¹ˆæ‘†åŠ¨ä½œï¼Ÿè·Ÿæˆ‘å­¦ï½,5523,å…­äºŒäºŒåŒå­¦,https://sns-avatar-qc.xhscdn.com/avatar/5fb16f2c5b64c20001bf3ea8.jpg?imageView2/2/w/80/format/jpg,5a77b2a04eacab79888f98d2,2021-06-14 12:23
61ace10a0000000021037614,å¹¿å·è¤ç«è™«æ¼«å±•çº¦æ‹,1,cuppuccino,https://sns-avatar-qc.xhscdn.com/avatar/61aaf4a81501a59da4a19e26.jpg?imageView2/2/w/80/format/jpg,5d29951200000000160021f8,2021-12-05 23:55
