6135e245000000000102e225,"蝴蝶玫瑰-1990
09-07
1
回复
好喜欢每一张
Jimchi秋(作者) : 哈哈谢谢
森屿哟-
09-06
1
回复
好棒
Jimchi秋(作者) : 谢谢
古韵妆摄汉服体验馆-熙宝
10-30
回复
好像过去玩一下
Jimchi秋(作者) : 漫展就这三天，下次大型点的就要到元旦了
流年 : 元旦什么漫展那？
Jimchi秋(作者) : 元旦应该是初物语漫展
Arui
09-08
回复
怎么购票和关注漫展
Jimchi秋(作者) : 这个漫展只有一天，你可以关注B站或喵特网，那里会有漫展门票购买～
弯角大魔王
09-07
回复
喜欢图八的小姐姐
Jimchi秋(作者) : 你是第一个说喜欢图八的
查看更多评论"
6135e245000000000102e225,好喜欢每一张
6135e245000000000102e225,好棒
6135e245000000000102e225,好像过去玩一下
6135e245000000000102e225,怎么购票和关注漫展
6135e245000000000102e225,喜欢图八的小姐姐
6135e245000000000102e225,"韩漫爆推/在被🈲️的边缘疯狂试探！
157"
6135e245000000000102e225,"魔女和使魔大人 | 和美型龙使魔的同居日常
760"
6135e245000000000102e225,"如果当时没按剧本来…
1533"
6135e245000000000102e225,"漫画推荐—路人甲的生命倒计时！
125"
6135e245000000000102e225,"懂日文的请看过来👏工藤新一写了什么？
248"
6135e245000000000102e225,"拯救剧荒‼️一口气看完的高分暗黑童话风美剧
176"
6135e245000000000102e225,"啊这🌚我真诚的祝你们幸福🌚👍🏻
299"
6135e245000000000102e225,"时间的彼岸・余音/弦音|限定收信预告
371"
6135e245000000000102e225,"突然想起这部和D伯爵一样都是短篇吓得不轻
112"
6135e245000000000102e225,"封神作/🇯🇵文学改编历史番&每一帧都想截图
929"
613721510000000001026a42,"小手™冰凉
09-09
回复
图一穿个打底裤不过分吧？
羊驼也想变得精致
09-07
1
回复
好多美女斯哈斯哈
查看更多评论"
613721510000000001026a42,图一穿个打底裤不过分吧？
613721510000000001026a42,好多美女斯哈斯哈
613721510000000001026a42,"如果当时没按剧本来…
1533"
613721510000000001026a42,"封神作/🇯🇵文学改编历史番&每一帧都想截图
929"
613721510000000001026a42,"笑不活了家人们
1398"
613721510000000001026a42,"摘下光明的面具——柯南64
106"
613721510000000001026a42,"都会挺过去的 28
152"
613721510000000001026a42,"“胸口的花啊，这是曼陀罗哦，虽然说绿色的还挺少见的。” 笑眯眯的水柱大人，总是不
167"
613721510000000001026a42,"新漫画～逆后攻！✨✨
111"
613721510000000001026a42,"突然想起这部和D伯爵一样都是短篇吓得不轻
112"
613721510000000001026a42,"我要抢安安🌚👍👍
457"
613721510000000001026a42,"凹凸世界乙女12
286"
616289cd000000002103b1eb,"摄影师Gyeonlee
10-10
回复
厉害
陳大梨呀(作者) : 谢谢
查看更多评论"
616289cd000000002103b1eb,厉害
616289cd000000002103b1eb,"萤火虫漫展返图集2
18"
616289cd000000002103b1eb,"为了夕阳想买个相机，大家来推荐下！
0"
616289cd000000002103b1eb,"穿尿不湿的摄影师
2"
616289cd000000002103b1eb,"徕卡银饰热靴盖
0"
616289cd000000002103b1eb,"为杰作而生—徕卡 M 35/2AA
4"
616289cd000000002103b1eb,"卖掉了黑漆的徕卡m3胶片相机，舍不得！！
5"
616289cd000000002103b1eb,"宝马x5 云梦蓝
0"
616289cd000000002103b1eb,"徕卡ETTAS 手包，徕卡Q2内胆包
0"
616289cd000000002103b1eb,"传祺M8原车无损升级配置 加装 杀菌除臭 去异味 净化空气 释放负氧离子 为爱车
0"
616289cd000000002103b1eb,"奈特科尔快充充电器
0"
6182358c000000000102ba33,"从不后期的怪受
11-04
回复
看到了这个小姐姐 好可爱 在玩手机 没敢上去说要拍 偷偷拍了一张
布丁(作者) : 这是某人的女朋友，对某人
从不后期的怪受 : 不影响 摄影最重要的是远离感情
从不后期的怪受 : 当我拿起相机她就只是一个模特[doge]
果冻布丁
11-03
回复
查看更多评论"
6182358c000000000102ba33,看到了这个小姐姐 好可爱 在玩手机 没敢上去说要拍 偷偷拍了一张
6182358c000000000102ba33,
6182358c000000000102ba33,"拯救剧荒‼️一口气看完的高分暗黑童话风美剧
176"
6182358c000000000102ba33,"每每想起这些漫画，心中还有一种淡淡的忧桑
69"
6182358c000000000102ba33,"度娘是个好东西
764"
6182358c000000000102ba33,"如果当时没按剧本来…
1533"
6182358c000000000102ba33,"舅舅头一次这么乖呢～🌚
686"
6182358c000000000102ba33,"校园治愈美食动漫推荐！喜欢美食番的看过来
784"
6182358c000000000102ba33,"#漫画推荐 喜欢看漫画滴uu来看看啦🤟
159"
6182358c000000000102ba33,"时间的彼岸・余音/弦音|限定收信预告
371"
6182358c000000000102ba33,"佐良娜是樱花班的吗🌸
109"
6182358c000000000102ba33,"就很绝❗️论带娃套路深 我只服这部动画片😂
3100"
617c4177000000000102b05b,"有机会一定要从拍一次，希望下次牵手是花花
5"
617c4177000000000102b05b,"昨天去的广州coc漫展
11"
617c4177000000000102b05b,"学个猫步试试
32"
617c4177000000000102b05b,"漫展
2"
617c4177000000000102b05b,"福州ACC第16届漫展
1"
617c4177000000000102b05b,"疫情后的漫展变得怎么样了？15秒带你看完！
3"
617c4177000000000102b05b,"广州COC漫展，穿泰国校服的小姐姐太可爱了
6"
617c4177000000000102b05b,"吃货美食家竟然来到了漫展现场？？？！！！
2"
617c4177000000000102b05b,"11月7日 广州漫展 白丝萌妹 yyds
5"
617c4177000000000102b05b,"漫展现场的情况？福州cos小姐节
3"
61815d4f000000000102baf5,"踩在青色碎石路上的记忆寻觅那本卡通王记忆
59"
61815d4f000000000102baf5,"度娘是个好东西
764"
61815d4f000000000102baf5,"懂日文的请看过来👏工藤新一写了什么？
248"
61815d4f000000000102baf5,"冰妹再往下拉一点
100"
61815d4f000000000102baf5,"摘下光明的面具——柯南64
106"
61815d4f000000000102baf5,"封神作/🇯🇵文学改编历史番&每一帧都想截图
929"
61815d4f000000000102baf5,"结婚前夜，静香爸爸说的话好温柔啊～
2621"
61815d4f000000000102baf5,"甜蜜家园里最猎奇的怪物………
462"
61815d4f000000000102baf5,"都会挺过去的 28
152"
61815d4f000000000102baf5,"我不再渴望得到爱了！女主真的太可怜了
686"
600f6aaf000000000101f7f1,"叉烧包
03-14
1
回复
漫展一般在哪里买，妹妹超喜欢动漫想带她去，就是不知道在哪里买票
姜子牙(作者) : 对了还有现场也可以直接买的
叉烧包
03-20
回复
一般在哪个APP上？
姜子牙(作者) : 没在哪个app上诶...
查看更多评论"
600f6aaf000000000101f7f1,漫展一般在哪里买，妹妹超喜欢动漫想带她去，就是不知道在哪里买票
600f6aaf000000000101f7f1,一般在哪个APP上？
600f6aaf000000000101f7f1,"古谷彻老师发文:《名侦探柯南》1039“警察学校篇Wild Police Sto
479"
600f6aaf000000000101f7f1,"VLOG博主下班VS我下班……
2986"
600f6aaf000000000101f7f1,"啊啊啊啊老婆的马甲掉光了 傲娇美人回来了
2285"
600f6aaf000000000101f7f1,"突然想起这部和D伯爵一样都是短篇吓得不轻
112"
600f6aaf000000000101f7f1,"好久没推韩漫啦，今天是韩漫哦～
633"
600f6aaf000000000101f7f1,"且看且珍惜版🤣精致帅气的男主
567"
600f6aaf000000000101f7f1,"公主在上，国师请下轿 （第76集中）
84"
600f6aaf000000000101f7f1,"韩漫爆推/在被🈲️的边缘疯狂试探！
157"
600f6aaf000000000101f7f1,"介绍一下凹凸oc月影
722"
600f6aaf000000000101f7f1,"踩在青色碎石路上的记忆寻觅那本卡通王记忆
59"
617d3162000000000102adbf,"舜鸣君UP
11-01
回复
画质跟腾龙28-75比较如何？
小优Yoyoko(作者) : 我没有买腾龙28-75呀
啦啦啦
10-31
回复
人像应该用定焦
小优Yoyoko(作者) : 这支35-150mm是f2-f2.8的，更适合漫展外场这种焦段不固定的环境哦
ono nako
10-31
回复
求柴郡coser的微博，拍了没法返图呜呜
爱死小小白
10-30
回复
我感觉我错过了一个亿
一个人
10-30
回复
兔女郎就是不一样
查看更多评论"
617d3162000000000102adbf,画质跟腾龙28-75比较如何？
617d3162000000000102adbf,人像应该用定焦
617d3162000000000102adbf,求柴郡coser的微博，拍了没法返图呜呜
617d3162000000000102adbf,我感觉我错过了一个亿
617d3162000000000102adbf,兔女郎就是不一样
617d3162000000000102adbf,"📺父母把我变成了怪物🔸中传高能作品
8669"
617d3162000000000102adbf,"封神作/🇯🇵文学改编历史番&每一帧都想截图
929"
617d3162000000000102adbf,"结婚前夜，静香爸爸说的话好温柔啊～
2621"
617d3162000000000102adbf,"Buddy Gator - 小玲来啦🐘💖
1070"
617d3162000000000102adbf,"新漫画～逆后攻！✨✨
111"
617d3162000000000102adbf,"魔女和使魔大人 | 和美型龙使魔的同居日常
760"
617d3162000000000102adbf,"影山应该是会向往日向那样的人吧
97"
617d3162000000000102adbf,"校园治愈美食动漫推荐！喜欢美食番的看过来
784"
617d3162000000000102adbf,"多年后重温女船王，真是一代人的童年回忆啊
194"
617d3162000000000102adbf,"突然想起这部和D伯爵一样都是短篇吓得不轻
112"
613d8af9000000000102fcbb,"都会挺过去的 28
152"
613d8af9000000000102fcbb,"凹凸世界乙女12
286"
613d8af9000000000102fcbb,"📺父母把我变成了怪物🔸中传高能作品
8669"
613d8af9000000000102fcbb,"且看且珍惜版🤣精致帅气的男主
567"
613d8af9000000000102fcbb,"甜蜜家园里最猎奇的怪物………
462"
613d8af9000000000102fcbb,"校园治愈美食动漫推荐！喜欢美食番的看过来
784"
613d8af9000000000102fcbb,"Buddy Gator - 小玲来啦🐘💖
1070"
613d8af9000000000102fcbb,"VLOG博主下班VS我下班……
2986"
613d8af9000000000102fcbb,"冰妹再往下拉一点
100"
613d8af9000000000102fcbb,"CHINA限定国风服饰&栗花落香奈乎
303"
619d947e00000000210386a6,"小米石头扫地机器人专营
11-24
3
回复
漂亮
野生快门工具人
11-25
回复
感觉AD又行了
遗忘者📷
11-24
回复
广州好看的coser真多
 ᯤ : 还是原来那批人，只是有钱整容了
查看更多评论"
619d947e00000000210386a6,漂亮
619d947e00000000210386a6,感觉AD又行了
619d947e00000000210386a6,广州好看的coser真多
619d947e00000000210386a6,"#漫画推荐 喜欢看漫画滴uu来看看啦🤟
159"
619d947e00000000210386a6,"啊啊啊啊老婆的马甲掉光了 傲娇美人回来了
2285"
619d947e00000000210386a6,"我要抢安安🌚👍👍
457"
619d947e00000000210386a6,"CHINA限定国风服饰&栗花落香奈乎
303"
619d947e00000000210386a6,"每每想起这些漫画，心中还有一种淡淡的忧桑
69"
619d947e00000000210386a6,"啊这🌚我真诚的祝你们幸福🌚👍🏻
299"
619d947e00000000210386a6,"摘下光明的面具——柯南64
106"
619d947e00000000210386a6,"结婚前夜，静香爸爸说的话好温柔啊～
2621"
619d947e00000000210386a6,"凹凸世界乙女12
286"
619d947e00000000210386a6,"新漫画～逆后攻！✨✨
111"
617010090000000001029a8d,"妖怪哪里跑
10-20
9
回复
广交会要核酸进去吧
国漫欢乐多(作者) : 不用，健康码和行程卡，官方双微有具体信息，可以具体了解一下
于姜姜姜姜 : 省外要，省内不用
妖怪哪里跑 : 好嘞，谢谢～
哈批退散
10-24
7
回复
路知行不是塌房了吗🙏🏻
鲸落AI : 怎么了？？！！！
哈批退散 : 他回馈打赏榜的姐妹们，但是十六名后面的礼物都是破的烂的，有姐妹很礼貌的去私信跟他说了这事，然后被挂到wb骂了，骂的挺难听的
鲸落AI : 哦豁～亿点点惨
你好好想想
10-24
2
回复
请问哪里买票
我是一棵小小小小草
11-12
1
回复
现在才看到 又错过了 我的天官赐福
国漫欢乐多(作者) : 关注我呀，我会经常发的
辞
10-24
1
回复
求问一下，在哪里买票？
辞 :
piggy的姐姐 : 我是在B站买的
Enola : 票贵嘛
查看更多评论"
617010090000000001029a8d,广交会要核酸进去吧
617010090000000001029a8d,路知行不是塌房了吗🙏🏻
617010090000000001029a8d,请问哪里买票
617010090000000001029a8d,现在才看到 又错过了 我的天官赐福
617010090000000001029a8d,求问一下，在哪里买票？
617010090000000001029a8d,"武汉首家升级店盒马开业了‼️超多免费试吃就
63"
617010090000000001029a8d,"钻戒还可以叠戴⁉️让人无法抗拒的高级
237"
617010090000000001029a8d,"书落在酒店了，结果三亚丽思卡尔顿给了这个
1082"
617010090000000001029a8d,"太原首家tufting体验店❗️就是一整个快乐
469"
617010090000000001029a8d,"🥐一日巴黎女孩🆕上海年末最期待的展🇫🇷🏠
269"
617010090000000001029a8d,"北京展览馆｜被遗忘的苏式建筑🏛冷门拍照地
219"
617010090000000001029a8d,"总要去一次西双版纳吧🌴最新超全旅行攻略🧳
98"
617010090000000001029a8d,"必须马住🐎来九号温泉一定要拍的大片机位📷
286"
617010090000000001029a8d,"锁住肌肤年龄 | 30岁依旧少女的秘密㊙️
61"
617010090000000001029a8d,"魔都假日气息🎄从武康路旁最美圣诞树开启～
131"
