619e0b4a000000000102612c,少年人，你对我有什么所求？,17793,浪瑜街拍,https://sns-avatar-qc.xhscdn.com/avatar/5e3a550f5c4cbe0001079de3.jpg?imageView2/2/w/80/format/jpg,5ddb9f590000000001005413,2021-11-24 17:52,#漫展 #周末去哪儿 #i do漫展
61c208da000000000102b5e3,2006年寒假佛山漫展做的那件Lolita 的成品,88,梁敏莹,https://sns-avatar-qc.xhscdn.com/avatar/60744f304755aabf5bd72047.jpg?imageView2/2/w/80/format/jpg,5ca0618900000000120153ee,2021-12-22 01:03,那件衣服算是我最认真剪裁和缝纫的一件衣服了，头饰、颈饰、腕带、袜子、鞋子全都做了。那时真想不起做铁丝框架的裙撑，我竹竿搭棚都OK，其实可以用丝带+铁丝扭一个裙撑架子。还有，我化妆技术太差了，那时又没美颜相机，所以就这样了。#漫展 #Lolita
61adf4580000000001025d38,这像不像你从漫展回去的样子,7419,呼呼,https://sns-avatar-qc.xhscdn.com/avatar/61ab130bf103c90b2a8ad7e3.jpg?imageView2/2/w/80/format/jpg,5bc6a7aace03520001d084d1,2021-12-06 19:30,#cosplay #广州漫展 #天官赐福
61c0838b000000000102d8fb,初物语漫展返图 公孙离,316,fangprc,https://sns-avatar-qc.xhscdn.com/avatar/5f0efee5f48acf00012f5d9e.jpg?imageView2/2/w/80/format/jpg,5eedf612000000000101ce25,2021-12-20 21:22,"出镜：灵动
#漫展返图 #漫展 #王者荣耀 #公孙离 #cosplay"
61c1aa3d00000000010252b7,广州元旦萤火虫漫展有一起组队的吗,32,笨笨绪,https://sns-avatar-qc.xhscdn.com/avatar/61676620a3a67e27c89c117b.jpg?imageView2/2/w/80/format/jpg,5bb477d624264b0001ad604b,2021-12-21 18:19,有点社恐，来个姐妹一起，我可能出艾米莉亚或者刻晴
61c160320000000021039e51,爷青回！漫展舞台上跳Lily！｜宅舞现场,80,Mystery-沐绫,https://sns-avatar-qc.xhscdn.com/avatar/61a78b03363e1cbad8fe241c.jpg?imageView2/2/w/80/format/jpg,5b7ead966510bc0001550843,2021-12-21 13:03,"歌曲：Lilylily Burning Night
因为当时表演的时候半月板损伤很严重了 所以必须戴上护膝！希望大家谅解！看着有点丑"
61b71680000000000102c137,北京跨年｜2022年漫展、演出、音乐会、一起倒数,116,北京旅游情报橘,https://sns-avatar-qc.xhscdn.com/avatar/6160f98615d8ec6545afc25b.jpg?imageView2/2/w/80/format/jpg,5d9b15b20000000001018098,2021-12-13 17:46,"2022年的真的就要如期而至了‼️圣诞🎄➕元旦🧧之前写了他们的活动
今天最终版⬇️
.
1️⃣元旦活动汇总『演出➕漫展➕活动』
➖演出
❶开心麻花暖心音乐剧《了不起的悲伤》｜北京9剧场-切CHE·行动剧场
2021.12.24-2022.1.3｜🎫80-180元
❷💥开心麻花首部悬疑剧《醉后赢家》｜地质礼堂剧场
2021.12.29-2022.1.9｜🎫80-1080元
❸孟京辉摇滚音乐剧《空中花园谋杀暗》｜蜂巢剧场
2021.12.15-2022.1.5｜🎫280-380
❹北纬零度非常喜剧《大话东游》｜77文创园剧场-77剧场
2021.12.16-2022.01.3｜🎫25-220
❺1+1计划·何雨繁《降E大调三重奏》｜鼓楼西剧场
2021.12.29-2021.01.02｜🎫100-380
.
➖音乐会🎵
❶2022第2届北京儿童新年音乐会
2022.01.01 周六 | 北京展览馆剧场
🎫100-2022元
❷2022三里屯新年音乐会·《欢乐颂》
2021.12.31-2022.01.01｜爱乐汇艺术空间-城市演奏厅
🎫180-280
❸ 天空之城”-久石让&宫崎骏动漫经典音乐作品演奏会
2021.12.01-2022.01.09｜爱乐汇艺术空间-城市演奏厅
🎫180-280元
❹【北京】我心永恒--大师的启蒙.裴加一唯美长笛音乐会
2022.01.01 ｜ 大麦·超剧场
🎫：88-258元
❻浪漫古典”一生必听的古典世界名曲音乐会
2021.12.04-2022.01.09｜爱乐汇艺术空间-城市演奏厅
🎫100-380元
➖漫展
❶『2021元旦IJOY北京国际动漫游戏狂欢节』
⏰：2022年1月1日-2日｜北京亦创国际会展中心
🎫：65元左右｜元旦开启狂欢活动
.
❷『第37届IDO×梦次元动漫』2022年1月1日-2日｜北京亦创国际会展中心
活动：
🪄魔法学院｜随机舞蹈｜ACG电音狂潮
次元乐队精彩演出｜硬核玩家｜假面绘制区
粘土捏捏区｜礼物交换柜
2️⃣元旦🧧｜圣诞🎄灯光秀、倒计时｜时间地点
❶蓝色港湾「灯光秀」
❷三里屯「倒计时」👉有餐厅、酒吧、可之前的笔记
❸世贸天阶「倒计时」
❹前门大街
❺什刹海
❻王府井
#北京跨年 #北京圣诞 #北京元旦 #北京新年"
61b217fc0000000001027163,成都圣诞🎄遛娃约会拍照看漫展❗️看这篇就够,146,彩虹上的小Daisy,https://sns-avatar-qc.xhscdn.com/avatar/60c798cd5c464c285b1cb8c6.jpg?imageView2/2/w/80/format/jpg,5674b44b6a6a692e7cd16be9,2021-12-09 22:51,"🌈🌸
大家好，我是Daisy。临近元旦跟圣诞🎄，成都的活动也多了起来，今天更新成都十二月好玩的圣诞活动，带给大家最及时的资讯！快跟好友、恋人💑、家人👪约起来
收藏有分类的专题，感兴趣的可以关注一波哦！
-
🌈圣诞市集
圣诞树、槲寄生花环、麋鹿装饰、圣诞老人、美食摊位，圣诞市集打卡点位超多哦！
推荐市集
📍春熙路春台市锦
📍荷花池宏正广场
📍12月10到12号 望平街德国圣诞集市
📍南门伊藤门口市集
📍香格里拉大酒店蓉城星光夜市
打卡高达130余米的 #蓉城超高圣诞树 #
每周末有不同的主题活动持续到2022.1.4
🌈【精彩活动类】
1️⃣成都·2021星幻动漫冬日祭
📍 九里生活广场
🕐 2021.12.25
🎫45起
-
2️⃣梦幻互动亲子剧《海的女儿》
📍 新声剧场 成都市金牛区抚琴西南路1号
🕐 2021年12月2510：30/15:00
🎫240/180/140/100
-
3️⃣经典童话改编亲子剧——《卖火柴的小女孩》
📍 东郊记忆中央大道23号 荷苗小剧场
🕐2021年12月11日（周六）/12月26日 （周日） 11:00/14:30
🎫 119/99
-
4️⃣成都·第二届完美周末圣诞祭
📍 完美文创公园
🕐 2021.12.25
🎫 预售票23
-
5️⃣成都·第14届中二病动漫展圣诞祭
📍 富力广场
⌚️2021.12.25 - 12.26
🎫 预售票35
-
6️⃣成都·鹿鸣国风动漫嘉年华
🕐 2021.12.18 - 12.19
📍 成都海宁皮革城(北星大道二段877号
🎫 预售票45起
-
7️⃣Little Planet小星球乐园 成都首展
⏱ 2021.12.24-2022.06.05
📍 万象城2期D馆
-
🌈其他拍照打卡点
📍 成都IFS
📍 暖房House Warming
📍 FINE PARK picnic&canteen
📍国色天香陆地乐园
📍凯德天府广场中庭圣诞树
📍宜家
🌈你还知道哪些好玩活动？可以留言告诉大家哦
-
#成都看展 #周末去看展 #成都活动 #圣诞活动 #跨年活动 #成都遛娃 #漫展 #成都漫展 #我爱二次元 #发现圣诞宝藏市集
@生活薯 @走走薯 @逛逛薯 @日常薯 @城市情报官
成都看展丨成都遛娃#我的照片下雪啦"
60cd73ec000000000102e0c6,带你云逛CP28漫展！蕾姆猫猫——完整版,32824,小小的小兔团儿,https://sns-avatar-qc.xhscdn.com/avatar/5fcc26f8dedb1a000137d1e4.jpg?imageView2/2/w/80/format/jpg,58ecb02582ec3929c2475ee9,2021-06-19 12:34,我爱小姐姐！我爱五条悟！我爱美女！我爱漫展！
61a82c2300000000210361ce,#cos #漫展 #崩坏3 补给全保底，副本零掉落,2084,璐璐haley,https://sns-avatar-qc.xhscdn.com/avatar/610f53f055f0d146425c17b1.jpg?imageView2/2/w/80/format/jpg,5e8853870000000001003bec,2021-12-02 10:14,#cos #漫展 #崩坏3 补给全保底，副本零掉落
61b49e4e000000002103b6fb,2021成都圣诞集市活动&漫展电影|探店攻略,20,伶曦up,https://sns-avatar-qc.xhscdn.com/avatar/6170215a826b6232d641e7b8.jpg?imageView2/2/w/80/format/jpg,600fe8e7000000000100371a,2021-12-11 20:49,"【2021成都圣诞节-漫展】
🔹成都·第14届中二病动漫展圣诞祭
🔹成都·第二届完美周末圣诞祭
🔹成都·2021星幻动漫冬日祭
·
【2021成都圣诞节-上映电影】
🔹《平原上的火焰》 领衔主演：周冬雨、刘昊然
🔹《战疫英雄》 主演：任重、蒋梦婕、黄小蕾、李成儒
🔹《爱情神话》 领衔主演：徐峥、马伊琍、吴越、倪虹洁、周野芒
🔹《热汤》 主演：陈都灵、李梦、赵燕国彰、左溢
🔹《王者回归》（动画）
·
【2021成都圣诞集市】
🔹世豪广场
参考往年
🔹银泰中心IN99
🔹春熙路春台市锦
🔹荷花池宏正广场
·
【2021成都圣诞节-各类活动】
🔹成都IFS-冬日精灵出没之顽乐兵团
🔹宜家
🔹99号照相馆
🔹国色天乡圣诞夜场
·
【2021成都圣诞氛围餐厅】
🔹Meet&Miss主题西餐厅
🔹FINE PARK picnic& canteen
🔹华尔道夫圣诞圣诞主题餐/下午茶
🔹cafe·MELBOURNE
·
【圣诞氛围的店】
🔹PREMIER
🔹梨咖啡L.I COFFEE
🔹YC·BEAUTY
·
【2021成都圣诞树&商城打卡点】
参照往年
🔹群光
🔹万象城
🔹春熙路，ifs，太古里
🔹凯德天府
🔹悠方
🔹来福士
🔹欢乐谷
🔹华尔道夫酒店
🔹环球中心天堂洲际（去年环球中心的简直是梦幻出片）
·
#圣诞 #成都圣诞节 #成都圣诞餐厅 #圣诞节圣诞树 #圣诞节怎么过 #小红书冰雪季 #我的照片下雪啦"
61b8a405000000002103724b,2000年广州图书馆漫展老照片,924,梁敏莹,https://sns-avatar-qc.xhscdn.com/avatar/60744f304755aabf5bd72047.jpg?imageView2/2/w/80/format/jpg,5ca0618900000000120153ee,2021-12-14 22:02,胶卷相机照片扫描，有些找不到，底片也没找到。#漫展
61c1acce000000000102b71b,广州漫展,4,露露,https://sns-avatar-qc.xhscdn.com/avatar/5f4a5a190000000001008a56.jpg?imageView2/2/w/80/format/jpg,5f4a5a190000000001008a56,2021-12-21 18:30,有一起的小伙伴吗，只有二号有时间。只想要和女孩子一起去，最好一起出原神cos。
615041d80000000001002bda,漫展的“黑话”分享来啦！让你不再做社恐！,120027,加奈薇薇,https://sns-avatar-qc.xhscdn.com/avatar/60bf17f3634d381aba9cd4a1.jpg?imageView2/2/w/80/format/jpg,5e9c2def0000000001006e93,2021-09-26 17:48,"马上小长假要来啦！
好多漫展也要来啦！
不了解漫展里二次元的一些行业内名词？
我来悄悄告诉你！
#漫展分享    #Lolita   #三坑少女   #二次元   #小红书创作学院   @视频薯"
60ffe08400000000010283b0,第一次去漫展,34073,刘婉彤彤,https://sns-avatar-qc.xhscdn.com/avatar/612eefab1f93d182201e14c3.jpg?imageView2/2/w/80/format/jpg,5e36f0d10000000001006326,2021-07-27 18:31,"重庆梦乡漫展的两张集邮！我真的很害羞 不好意思找美女帅哥们拍照（下次一定勇敢 逛了一圈就集了两张
麦艾斯少不了芭贝拉睫毛膏！逛展一下午都没晕染
出的五等分新娘的三玖老婆 竟没有人和我撞cos
#cos"
61a6484f000000002103624f,coser如何知道本地哪里漫展？,336,雾月吃不停,https://sns-avatar-qc.xhscdn.com/avatar/6169a53d5c4f47b0e2de0698.jpg?imageView2/2/w/80/format/jpg,5d47d9d200000000100080ae,2021-11-30 23:50,#漫展 #一起逛漫展 #coser #Cosplay分享 #漫展返图
61af6660000000000102b98a,15年的漫展,918,丁丁本人,https://sns-avatar-qc.xhscdn.com/avatar/5c2f794f8aa14a0001f61fb3.jpg?imageView2/2/w/80/format/jpg,5c2f78e300000000050364b8,2021-12-07 21:49,"黑色的是我hhhhhhh
第一次穿lo去漫展（在光大的cp16.5
当时刚入坑看到双子的lo娘们可激动了！
时间过得真快呀T T
#吃我一波Lolita安利 #Lolita #lo娘 #cp16 .5"
61c203f60000000001025137,2006年寒假佛山漫展做的那件Lolita缘起,16,梁敏莹,https://sns-avatar-qc.xhscdn.com/avatar/60744f304755aabf5bd72047.jpg?imageView2/2/w/80/format/jpg,5ca0618900000000120153ee,2021-12-22 00:42,原本是2004年暑假佛山漫展，我拉人cosplay五星物语的帅哥角色 约翰.文采勒，我cos修特兰（那个特别M的突变Fatima，总之是个搞笑角色），遇到平时cos视觉系乐队的高中同学穿Lolita玩，就借她的Lolita给约翰的coser穿着玩。发现帅气男生穿Lolita更带感，于是一群女生密谋下次漫展一起再出Lolita。#漫展 #佛山 #cosplay #怀旧
61b86dd4000000002103c792,当瑞克和莫蒂去了漫展,315,海草呱呱,https://sns-avatar-qc.xhscdn.com/avatar/5c4addb82ec28f00013b8b58.jpg?imageView2/2/w/80/format/jpg,5c4aca510000000011035c3a,2021-12-14 18:11,"纯属娱乐哈，我超爱这部动画的
后面应该会再更几期，大家想看到哪些人物可以在评论区留哦
#瑞克和莫蒂 #头像 #二次创作 #王者荣耀 #咒术回战 #动漫 #二次元"
60a895330000000006026d83,光遇漫展视频|光之子的日常,28982,電気Ren,https://sns-avatar-qc.xhscdn.com/avatar/60593f1cf38cce735d9ede6c.jpg?imageView2/2/w/80/format/jpg,5dd52d9a00000000010027f6,2021-05-22 13:22,--Time out!--
61bff9a4000000002103e2c4,汤汤在漫展和可爱粉丝们合照,51,无敌小菌汤,https://sns-avatar-qc.xhscdn.com/avatar/61b5570b6564fffada4807c1.jpg?imageView2/2/w/80/format/jpg,606fcad40000000001009aa2,2021-12-20 11:33,"咱就是说咱也想要合照
#汤姆费尔顿
#TomFelton
#甜汤"
5d3f01f7000000002601b90e,第一次去漫展，要注意这些细节！,3266,山楂梨汁,https://sns-avatar-qc.xhscdn.com/avatar/5a3e0d79e8ac2b6883b7dbfc.jpg?imageView2/2/w/80/format/jpg,5a3e0d79e8ac2b6883b7dbfc,2019-07-29 22:25,"关于门票
🐱特：这里是提前订票的
官方号：我去漫展的前一天还能订票，一张票比🐱特贵10元（扫码就能进场了）
现场买票：人多的话要排队啊，价格同微信
关于时间
大一点的漫展会举行3天左右，一般都会涵盖周末，大家可以看时间安排
这次漫展是9点开始，18点结束。我10点到会场，人已经开始多了。早上10：30-下午4：30，是我感觉人最多的时候
关于服装
现场cosplay、Lolita裙、jk制服、汉服有很多，感觉穿这些会更有融入感，当然穿地球服也没问题的
关于吃喝
漫展吃的东西比外面贵一点点，但是没有贵的离谱，尤其是水，10元/3支，还有自助贩水机，所以为了不给自己负担，我建议吃喝都在里面解决
关于周边
小周边（比如立牌、扇子、钥匙扣……）可以一开始就买好，但是类似福袋这种大件物品，建议快走了再买，不然提一天好累的
关于寄存
入口会有寄存点，但是东西不多或者贵重，不建议寄存到外面，会场里面也有寄存点，就是经常供不应求。所以别带太多无关用品，给自己负担咯。
关于拍照
Coser们都很和善的，直接大胆去要合照，要合照的时候，最好叫他/她cos的角色名字哦，不知道的话，就叫小哥哥小姐姐啦。有看到心仪的，大胆求扩列，小哥哥小姐姐不给扩列也没事（一般都愿意的）
关于二次元用语
扩列：加好友
拍肩：打招呼
面基：线下见面
CN：即coser name（一般都不会使用真名，都是告诉别人自己的CN，或者二次元名字）
集邮：合影
返图：拍了照片之后，把照片发给本人，或者发出去
其他注意点
无论何时离开会场，再进入都要重新购票
去漫展之前可以先了解一下有哪些嘉宾会到场（可以去排队要签名合照）
进场处会有宣传册，里面有各个管场的演出活动时间，嘉宾到场时间等内容
在漫展有任何问题都可以找现场的工作人员
自己一个人去的，可以约其他小伙伴一起面基呀
想用三角支架在场内和coser合照的，劝你别带了，因为人太多
不会化妆、不会带假发的，现场有妆娘可以帮忙（一般几十块一个妆容）
漫展就是一群喜爱二次元的小伙伴互相交流的地方，不用顾虑太多，只要你喜欢二次元，那你到现场会自然而然的融入。对二次元不了解也没关系，只要你喜欢拍照，喜欢交朋友，都可以去漫展玩玩。
这是我第一次去漫展，很多细节可能总结不到位，但是漫展都大同小异啦，可以拿去避避雷。"
5b376ed507ef1c562868c15e,为了显白的角色 cosplay尤其是漫展怎么能少影业水体粉呢=_= 拍正片会有打,1264,镜子,https://sns-avatar-qc.xhscdn.com/avatar/5c04b16f31bbd80001c0bf9f.jpg?imageView2/2/w/80/format/jpg,5b376c6d4eacab0dadeb1d41,2018-06-30 19:51,"为了显白的角色
cosplay尤其是漫展怎么能少影业水体粉呢=_=
拍正片会有打光有后期，
实际上自己并没有那么白hhh
最后悄咪咪哔哔一句，自己的腿
不算粗但还可以更细
w"
61b8c094000000002103f7b1,冬日漫展抗寒の潇酱|日,298,PentaxK01📸,https://sns-avatar-qc.xhscdn.com/avatar/617a1e18d292ff09eebbb30a.jpg?imageView2/2/w/80/format/jpg,5ac111b4e8ac2b584dc8d99d,2021-12-15 00:04,#晒美腿 #阴阳师 #木屐 #大长腿
61c1e47f0000000001025189,他人拍的汤汤漫展照片（新,14,无敌小菌汤,https://sns-avatar-qc.xhscdn.com/avatar/61b5570b6564fffada4807c1.jpg?imageView2/2/w/80/format/jpg,606fcad40000000001009aa2,2021-12-21 22:28,"逛了一圈ins看到了这几张照片！
笑起来太甜了！！！
他怎么这么帅啊就是说
#汤姆费尔顿
#甜汤
#TomFelton"
5f0a84eb000000000101f249,去漫展的较为详细的清单和注意事项来啦✨✨,1781,糖柒,https://sns-avatar-qc.xhscdn.com/avatar/5e3f16c1613bec0001801b0b.jpg?imageView2/2/w/80/format/jpg,5cfc94aa0000000012000cc3,2020-07-12 11:35,"1.门票可以通过喵特，b站，或者票代买，不介意b站，因为退不了票
2.确定好去的日期和地址，提前做好准备，确定好去往的路线图
3.收拾好要出的角色和假发，提前两天顺好假发，清点一下东西看看有没有漏的，记住❗️一定要记得带发网❗️❗️❗️
4.妆娘and毛娘，妆娘就是化妆师，可以通过当地的贴吧，喵特或者那个漫展的QQ群里找妆娘，可以先看看妆娘的妆图，满意的话就约妆，讲清楚要出的角色，然后发人设图（不要发别人cos这个角色的妆图哦，对于妆娘来说是个很不好的），记得要说明白自己是什么肤质，对什么成分过敏哦！约好妆娘好双方不要放鸽子哦，对双方都有一定的小伤害哦！毛娘呢分两种，一种是顺毛的，一种是捏造型的，一般捏毛的毛娘，是需要提前把假发给她让她去修，记得发角色的人设图哦，这样毛娘才知道如何帮你修，妆娘and毛娘都是需要付费人家才会帮你化妆修假发的哦
5.和coser合照时建议打开美颜哦～
6.如果你很喜欢一个coser，你可以上前要个联系方式，可以这样问：“可以扩个列吗”扩列就是加QQ微信的意思
7.如果你从女厕所看到有男生走出来，男厕所有女生走出来，不用大惊小怪，这不是什么bt行为，而是要出的角色跟自己的性别相反而已，如果看到有个女生特别好看，先别着急喊什么“靓女”，“小姐姐”甚至是“老婆”的，因为“她”有可能是个男孩子啦
8.coser们要注意身体，尤其是那些反季节战士们，冬天带暖宝宝，夏天带个小风扇
9.如果漫展有你心怡的coser大佬的签售，本人建议你早点去，以为排队的人超级多！来晚了就很容易排不到，有些嘉宾有时间限制的哦，如果想和嘉宾拍照，要问问嘉宾允不允许才行哦，可以送嘉宾小礼物，但是不建议送零食哦
大概就这么多啦，祝大家在漫展里玩的愉快哦！"
5e638476000000000100acbf,漫展注意事项，新手必看（coser）第一弹～,1382,编号C95219,https://sns-avatar-qc.xhscdn.com/avatar/5ea85473e9ae2e000151708a.jpg?imageView2/2/w/80/format/jpg,5ce97ba70000000010030fcb,2020-03-07 19:24,"近年来二次元文化越来越受欢迎，玩漫展的宝贝越来越多，刚刚入c的小萌新一定也是对很多事情不太清楚，不过谁还不是从萌新过来的呢！读完这篇笔记，相信小可爱们都应该知道改怎么做了，如果依然有地方不明白可以在评论里留言或私信哦！
一、注意事项
coser：1.妆容：如果你想玩cos，最重要的一定是妆容啦！如果你会化妆，可以在网上搜一些适合你要出的角色的cos妆容建议在换衣服之前画好。如果你不会化妆，那么可以找妆娘，联系好妆娘约定时间地点等，到时候直接找ta给你画然后价格私议。
2.漫展※：要去参加漫展一定要看好是什么展，有的是动漫游戏展，有的是国风展，有的是茶话会，或者是一些主题展会。假如你在某些主题展上出别的cos了的话也许会吸引别人异样的眼光，也可能被主办方请回，总之就是挺不好的。
3.cos服：什么时候换cos服？这是许多萌新都有的问题。如果你出的cos服装还算日常，那么不戴假发直接穿出去也可，或者条件允许的情况下可以穿个外套。如果服装比较不日常可以坐私家车或者打车，要是直接穿出去走在大街上，坐公交坐地铁什么的……回头率哈哈哈哈哈哈。要是还是担心回头率的问题可以在展子上换，不过换下来的衣服可能会很麻烦，而且不是所有展子都有换衣间的，没有换衣间的话就只能在厕所里换了。
3.寄存：很多人会问，那去漫展上拿的包包该放哪啊？一般漫展有寄存的地方，花个十块二十块也没什么，如果不想寄存那就把包放在角落里或者跟大家的包放一块儿，一般没有人会翻，可以自己看着点，要是怕丢东西还是寄存比较好
4.在展子上的常见礼仪：如果你出了cos，那么可能会有别人来找你拍照，如果有人找你拍照请不要拒绝，要是临时有事的话可以跟ta说等一下，但不要拒绝，很不礼貌。
5.摄影：你可以在展子的某个地方看到很多摄影大大，如果幸运的话大大会找你来拍场照，到时候加个QQ微信啥的就给你发图了，这种一般是无偿的，当然你也可以自己约摄影大大来拍场照，无偿有偿要看大大啦
6.cp：有些想出cos的宝贝可能要出的角色有cp，但又找不到身边的人一起出那对cp动漫人物，那么可以自己在网上找，比如在漫展软件（喵特）或者在QQ微信群里找，问问有没有人一起逛展子，出cp。（如果单纯想找人逛展子当然也行）
7.※投食：如果在展子上有小哥哥小姐姐给你小零食比如糖果之类的，一定要先礼貌的接过来，然后检查食物外观有没有问题（包装袋）。"
61c158c7000000000102a5b5,漫展拍的,7,发光的小明,https://sns-avatar-qc.xhscdn.com/avatar/61b9d7c46effc2158d9dd45d.jpg?imageView2/2/w/80/format/jpg,5dedec7e000000000100bca8,2021-12-21 12:32,#cos #成都世界线漫展 #二次元少女
600a3cf70000000001008998,漫展雷安存了好久,426,凹凸世界安迷修,https://sns-avatar-qc.xhscdn.com/avatar/6007b9a7ea1a334d0be29efb.jpg?imageView2/2/w/80/format/jpg,6007a6c8000000000101e89a,2021-01-22 10:48,--Time out!--
61c206a30000000021036398,2006年寒假佛山漫展做的那件Lolita 准备,9,梁敏莹,https://sns-avatar-qc.xhscdn.com/avatar/60744f304755aabf5bd72047.jpg?imageView2/2/w/80/format/jpg,5ca0618900000000120153ee,2021-12-22 00:53,先说服约翰的coser下次也来漫展穿Lolita，然后买翻印的日文Lolita剪裁书，拼拼凑凑画设计效果图，讨论设计方案、修改、量身、照书拼拼凑凑画纸样放样、估算布料的用量，跟朋友们一起去普君菜市场买论斤称的尾布、去升平路买服装厂用剩的蕾丝花边辅料、剪裁制作……可惜当时不会做裙撑。#漫展 #Lolita #佛山 #怀旧
6194eec80000000021036b81,漫展纯粹社死,7355,刘婉彤彤,https://sns-avatar-qc.xhscdn.com/avatar/612eefab1f93d182201e14c3.jpg?imageView2/2/w/80/format/jpg,5e36f0d10000000001006326,2021-11-17 20:00,"露天的漫展这辈子不想去第二次 真的会热④
#拉姆 #蕾姆"
6183ab14000000002103c04d,5年级小lo娘漫展上跳兔子舞，你学过这个舞吗,1513,舞见小芭比,https://sns-avatar-qc.xhscdn.com/avatar/61ac0801d149635f42ea81a8.jpg?imageView2/2/w/80/format/jpg,5db5ba56000000000100b6d2,2021-11-04 17:42,被邀请去合肥漫展做舞蹈嘉宾，在空闲的时候拍两个可可爱爱的小视频～#lolita #双马尾 #小萝莉 #兔子舞 #漫展 #
617d5376000000002103d6b9,即使在漫展 也吓到了很多人哈哈哈,7501,好shen游四方,https://sns-avatar-qc.xhscdn.com/avatar/61a6e830d0b8d80de4f9e46a.jpg?imageView2/2/w/80/format/jpg,5a9407134eacab257a6b53bf,2021-10-30 22:15,"#汉服妆造
其实是蝴蝶精造型，结果去逛CICF漫展被很多人叫小青……活动嘉宾也被我的头震撼了
衣服：无妄亭宫墙柳，牡丹烫钻大袖也买了，灰常显胖
妆造：@化妆造型师--彼岸花 ，小姐姐很认真负责，是满级lo妆用户来汉服妆造新手村虐人我个人最喜欢眼妆
没有想到这么多人看大家可以去和妆造小姐姐交流，她是个神手另外还收获了@萝卜精 的画，非常感谢！"
60f45e19000000002103d091,下一次漫展还有人跟猪头合照吗,27385,小章章,https://sns-avatar-qc.xhscdn.com/avatar/5f5b0824dcc1380001857693.jpg?imageView2/2/w/80/format/jpg,5b69bcf36b58b771b703e8a1,2021-07-19 09:30,害！穿了几次装备耐久度快见底了
6159a717000000002103412d,热辣闺蜜舞《Trouble Maker》漫展现场版,2321,紫嘉儿666,https://sns-avatar-qc.xhscdn.com/avatar/6097b59a133db8799906186c.jpg?imageView2/2/w/80/format/jpg,5b33c3ad4eacab62d2f4c991,2021-10-03 20:50,这次看得清了不？#舞蹈 #漫展 #韩舞
617ed7c9000000000102d4af,被狠狠地治愈到了,23995,winkkniwnono,https://sns-avatar-qc.xhscdn.com/avatar/613af516a0299d0c735a888f.jpg?imageView2/2/w/80/format/jpg,5aa3e23811be1029a70cbab9,2021-11-01 01:52,今天在展子上遇到的毛茸茸 真的好可爱#漫展 #广州漫展 #一起逛漫展
61c26ec0000000000102cb90,2022广州元旦萤火虫漫展,4,三句话让月岛萤亲我十八次,https://sns-avatar-qc.xhscdn.com/avatar/61762ec81ac7067f7b33d250.jpg?imageView2/2/w/80/format/jpg,6171690f00000000020246fd,2021-12-22 08:18,打算一号出小小黑！！！🈶️🈚️姐妹集邮我有社牛奥随便来
612f63ae0000000001002924,漫展上的元气宅舞|星期五的早安,4893,猫化崎,https://sns-avatar-qc.xhscdn.com/avatar/5fa0e6f59b33960001a3aaa7.jpg?imageView2/2/w/80/format/jpg,5f92c5e0000000000101e01c,2021-09-01 19:27,真的是被治愈了。 #一起逛漫展   #好看的宅舞视频  特别是c位的笑容！ #三三sugi
60b72baa0000000001028b24,去漫展要穿什么衣服呢,91309,摄影师Luckyy,https://sns-avatar-qc.xhscdn.com/avatar/61b60c46b065376ce24a8be8.jpg?imageView2/2/w/80/format/jpg,5f27675a000000000100293e,2021-06-02 14:56,--Time out!--
619f01e3000000000102d431,漫展返图,597,阿馒。,https://sns-avatar-qc.xhscdn.com/avatar/619db4573ccd722183b82432.jpg?imageView2/2/w/80/format/jpg,5a8d04e4b1da147814238671,2021-11-25 11:24,雷电将军#漫展返图 #雷电将军 #原神 #cos #cosplay #COS
61b09f15000000000102ccad,梦回2011东莞漫展,479,澪澪柒😎,https://sns-avatar-qc.xhscdn.com/avatar/61319457ba31971cb1c06e37.jpg?imageView2/2/w/80/format/jpg,5b141c7611be105f7e97dce4,2021-12-08 20:03,[doge]看到别人发广州的，那我发发东莞的，座机像素哈哈哈，怀恋怀恋#漫展分享 #2011 #怀旧童年
6161b030000000000100723e,重庆漫展高能现场.那些展会上的顶尖Cosplay,14991,摄影师小超,https://sns-avatar-qc.xhscdn.com/avatar/5f5f82d61280f700017c2ebb.jpg?imageView2/2/w/80/format/jpg,5c694e040000000011037e43,2021-10-09 23:07,重庆WESTJOY 2021高能现场.那些展会上的顶尖Cosplay.#漫展 #cosplay #漫展现场
60c6d6cd0000000001026588,cp28漫展上自带bgm的男人也就这两位了吧,30389,梦回汉服馆,https://sns-avatar-qc.xhscdn.com/avatar/5ffc217461c4d1bfe777a574.jpg?imageView2/2/w/80/format/jpg,5e1c8227000000000100b3f5,2021-06-14 12:10,
613fff660000000001027cc9,年轻人一定多去漫展！不然没素材吹牛皮,13995,不知名丁导,https://sns-avatar-qc.xhscdn.com/avatar/5f6ea090dc09f50001d7313f.jpg?imageView2/2/w/80/format/jpg,5c482eb4000000001002a644,2021-09-14 09:48,#稀有素材 #最美礼服 这背是你喜欢的完美型吗？
610e65860000000021037e85,带你云逛bw漫展！火花骑士——可莉参上,7772,小小的小兔团儿,https://sns-avatar-qc.xhscdn.com/avatar/5fcc26f8dedb1a000137d1e4.jpg?imageView2/2/w/80/format/jpg,58ecb02582ec3929c2475ee9,2021-08-07 18:50,#原神 #cos #一起逛漫展 #上海bw展
5f7ae83800000000010024a8,#华裳九州#成都萤火虫漫展,15809,十月拾_,https://sns-avatar-qc.xhscdn.com/avatar/5f7c49941c4eb7000112ccd4.jpg?imageView2/2/w/80/format/jpg,5ca31237000000001101b415,2020-10-05 17:32,来康康汉服小姐姐们的花式疾跑走秀吧
60c6d9c9000000002103b133,不知道漫展怎么摆动作？跟我学～,5535,六二二同学,https://sns-avatar-qc.xhscdn.com/avatar/5fb16f2c5b64c20001bf3ea8.jpg?imageView2/2/w/80/format/jpg,5a77b2a04eacab79888f98d2,2021-06-14 12:23,在漫展做一个自动模特[doge]
61b59f0500000000210349cb,漫展上小盆友用电话手表拍我哈哈哈好可爱,101,李泽言讨厌啦,https://sns-avatar-qc.xhscdn.com/avatar/61b59c2f3d3805ab698e8f75.jpg?imageView2/2/w/80/format/jpg,5f7b07a90000000001002eab,2021-12-12 15:04,重庆7月梦乡 出的是小玉女警 和寇寇子集邮了!!!#漫展 #长寇 #玉藻前 #fate
5d99eac2000000000401ac1b,新手如何第一次逛漫展——经验干货贴📝,875,精进少女Frida,https://sns-avatar-qc.xhscdn.com/avatar/60b0fdb0d8c4d9786363712e.jpg?imageView2/2/w/80/format/jpg,5b14d4c0e8ac2b414d657ed4,2019-10-06 21:23,"趁着Bilibili word十一放假在上海举办，作为一个一直想去漫展亲身感受下，然而一直畏畏缩缩犹犹豫豫从没去过漫展的的“深宅”，当然想去见识下B站主办的展子，和大家分享下第一次去的经验，也为一次都没去过但是想去感受下漫展氛围的小伙伴一个参考。
主要分为四步走
一.、确定是是独自前去，还是约上好友
其实估计有不少小伙伴觉得独自前去会比较无聊，不过这个也看个人，我建议如果真的有特别想见的coser/up主/声优唱见之类的爱豆，但是却找不到合适的一起去的小伙伴，自己去也未尝不可，毕竟机会难得，只要不让自己后悔就行。漫展其实还是更建议带上自己关系比较好，并且喜欢二次元的朋友一起去，真的和自己去会很不一样。
二、做好攻略
一般漫展展会会提前给出一些攻略的，小一些的展会基本1/2条线，线路较少，大一些的展会线路会比较多，比如这次的BW，场馆比较多、时间线也就比较多。每个场子都有自己的时间线，主题及舞台也不一样。那么如何做适合自己的路线攻略。
1.写时间表进行时间对照
横坐标是馆子，纵坐标是时间线，然后把自己想见的人，先列上去，然后是想参加的活动/看的表演之类的再列出来，这是主线，也就是这次必须要去的几个点，然后再把想去的展位/想买的东西列在旁边，可以用后面空余的时间再去。
2.提前看场贩，如果你有想去的签售会/想买的东西，有的是限量的，不是到那里想买就买的。
三、准备好衣服
一般比较适合漫展穿的衣服：cos服、古装、Lolita、JK制服等等都ok，当然穿自己喜欢/觉得比较舒适的衣服，也绝对木有问题。
四、带齐行李
1.手机、充电宝必带，有相机的可以带上相机，另外建议一定要带自拍杆！不然人多的时候你想拍喜欢又很火的爱豆真的是啥都拍不到，被人潮人海淹没，血的教训…
2.纸质门票/电子门票提前准备好，还有证件之类的（身份证学生证啥的，以防万一）
3.带点吃的，展会里面也有吃的，但是一个是排队人比较多，另外一个是比较贵还不一定好吃，不想带嫌重的建议可以人少的时候去便利店，便利店价格还算是比较正常的。其他的基本都会涨一些价。
4.不建议拉箱子，能一个包解决就不要带箱子，有的没寄存的地方
5.建议带上必用的化妆品、防晒霜之类的
6.建议带伞，排队晒的时候会用到
7.带上一些现金
第一次去漫展，大概就想到这些，有什么想到再补充进来~"
615d5e97000000002103bab9,成都CD 漫展的哈利波特玩家“玩不过就加入”,9652,空贝贝贝贝贝,https://sns-avatar-qc.xhscdn.com/avatar/616c4e88300d9ac29005f2c1.jpg?imageView2/2/w/80/format/jpg,5de7befb0000000001005da5,2021-10-06 16:30,#哈利波特：魔法觉醒 #哈利波特
611afdc8000000002103f90e,开这样的婴儿车去漫展一定是最靓的那个崽,19966,小无邪和猪小糖,https://sns-avatar-qc.xhscdn.com/avatar/60e3d38f27f95f990a4df56f.jpg?imageView2/2/w/80/format/jpg,5db83a9700000000010049d3,2021-08-17 08:07,#游戏才艺之星 #cosplay #二次元 #王者荣耀 #蔡文姬
610392f6000000000102b639,南宁漫展 吴京cos,14125,月半米羔,https://sns-avatar-qc.xhscdn.com/avatar/5ac7ab8bd2c8a52f92b7e89d.jpg?imageView2/2/w/80/format/jpg,5ac7ab66e8ac2b61e6328184,2021-07-30 13:49,我迟来了….全场最佳啊！
60dfaeea000000002103b9a7,逛展攻略|漫展小白必看，分分钟玩转展会！,290,临渊,https://sns-avatar-qc.xhscdn.com/avatar/60015171ba3c136f08e12910.jpg?imageView2/2/w/80/format/jpg,5d39928d0000000016021c7b,2021-07-03 08:27,"作为一个从高中就开始逛漫展的漫展老油条，经验不能说最丰富，但从我小白时期开始就慢慢自我积累了很多，逛展也逐渐熟练。如果你也想和我一样从小白升级到游刃有余地逛展，那就继续看下去吧！
接下来我就分部分来说一下逛漫展的注意点：
🍊关于门票：
（如果你是第一次逛展，一定要清楚官方门票的购买渠道，千万不要买黄牛票❌❌❌）
一般漫展门票的购买平台有以下几个：
1.bilibili会员购
2.喵特
3.cpp
4.淘宝（官方店铺！）
🍊关于服装：
如果你喜欢汉服、Cosplay、jk、Lolita等等的话，可以选择穿去漫展哦！当然地球人的衣服也是完全OK的
🌸如果你不想因为穿着而被路人行注目礼的话，可以选择带到漫展里面更换衣服，不过需要提前确认漫展是否有更衣室。
🍊关于吃喝：
🌸漫展里面是有饮料🥤和食品🍔贩卖的，不过会比外面的贵一点点💰，但也不是贵出天价的类型。
🌸如果你想自己带吃的，根据我的经验，建议食品最好带易充饥的面包🥧和压缩饼干🍪，饮料不要带瓶装，可以选择盒装饮料，减少自己负担的重量。
🍊关于周边：
🌸漫展上面的动漫周边是数不胜数，很多大佬都会选择在漫展上贩售自己的作品。如果你想购买或是贩售周边的话，一定要注意关注官方微博的有关宣发。
漫展场馆里面的网络信号一般都很差，所以最好提前根据领取条件准备好各类截图哦～
🍊关于拍照：
Coser们都是非常友好和善的，可以大胆地去要合照哦～但是注意一定要有礼貌哦，拍照之前一定要先询问coser的意见，对方同意了才可以拍哦，拍完之后如果想和coser交朋友也可以礼貌询问他们～
一定要带好自拍杆，不然你会后悔的。
🍊关于漫展用语：
扩列：加好友
面基：线下见面
CN：Coser name（一般不会用自己真名，相当于艺名）
集邮：合影
🍊其他注意：
🌼漫展只能进一次哦，注意不要走错啦
🌼漫展一般都会邀请嘉宾签售，可以提前了解一下，方便决定是否去排队要嘉宾签名
🌼进场处会有宣传册，里面包括摊位图和场地表演时间和表演内容等等，可以拿一本
🌼任何问题都可以找现场工作人员解决
🌼想出cos，但不会化妆不会戴假发的友友们，可以提前约好妆娘化妆"
61a4ccb900000000010257a4,元旦看漫展❗广州长沙石家庄南京合集,31,国漫欢乐多,https://sns-avatar-qc.xhscdn.com/avatar/61603b3793f090b0b6932e96.jpg?imageView2/2/w/80/format/jpg,5ab12eac11be106295ec2274,2021-11-29 20:51,"❤️广州，萤火虫动漫游戏嘉年华
🎉时间:2022年1月1日-3日
🏠地点:广州琶洲·保利世贸博览馆
✌️配音演员:
1.3《我喜欢你的信息素》路知行、史泽鲲
1.2《将进酒》姜广涛 、袁铭喆、赵成晨 、皇贞季
1.3倒霉死勒 专场见面会
1.3小红专场见面会
1.1《我是你的谁》千下 、荻野
👉详情关注vb:萤火虫动漫游戏嘉年华
💃长沙，Funnybox趣盒动漫游戏嘉华
🎉时间:2022.1.1-1.2
🏠地点:长沙国际会展中心
👉配音演员:
1.1钱文青专场
1.2刘琮专场
🔍详情关注vb:Funnybox趣盒动漫游戏展
🍬南京，CD× A-3 第十七届新年祭
🌸时间：2022年1月1日–1月2日
🏠地址：南京国际展览中心（新庄）C厅
未公布CV，感兴趣的可以自己蹲下哦
🔍详情关注vb:ComicDawn动漫展
🌸石家庄NCE动漫展
✌️时间:1月1日
因疫情待定，目前有景向谁依
北京在我上一篇笔记中，感兴趣的朋友可以看👀
#二次元 #漫展 #漫展分享"
61a216ee000000000102c3b0,漫展好有趣,313,王to兔(兔叔),https://sns-avatar-qc.xhscdn.com/avatar/6195062bbc7d10bf39b7bda1.jpg?imageView2/2/w/80/format/jpg,5b03fe94e8ac2b18d72ab5e1,2021-11-27 19:30,#福瑞控 #兽装 #漫展 #furry #毛毛
61120d7e0000000021034c5a,福利㊙️深业上城|下集|斗罗大陆漫展合集,1790,诗和远方,https://sns-avatar-qc.xhscdn.com/avatar/5e92fc745b3029000193ea94.jpg?imageView2/2/w/80/format/jpg,5e92fc120000000001006435,2021-08-10 13:24,"🔥腾讯视频这边在深业上城搞了都罗大陆的漫展
👉主题：斗罗大陆漫展
🔍地址：深业上城4楼
👤人物：唐三、小舞、戴沐白、奥斯卡、马红俊、宁荣荣、
朱竹清等
#斗罗大陆 #斗罗大陆唐三 #斗罗大陆唐三小舞 #漫展分享 #斗罗大陆漫画"
607ac4bf0000000001026485,去大型漫展怎么穿会被围拍呢~,2983,长寇,https://sns-avatar-qc.xhscdn.com/avatar/5e14806e0000000001005b74.jpg?imageView2/2/w/80/format/jpg,5e14806e0000000001005b74,2021-04-17 19:21,"分享一下上海cp的装扮！
丘比特小熊~冬天去漫展也能暖和又吸睛！
今年cp大家想看阿寇穿什么呢~"
60ec100e000000000102a848,小小蔡文姬，漫展半路捡来澜盆友工具人,8281,小豆噜,https://sns-avatar-qc.xhscdn.com/avatar/60e3d87bae7a4ca35adea86c.jpg?imageView2/2/w/80/format/jpg,60dc2e5700000000010044c9,2021-07-12 17:49,素颜无美颜原相机，6岁小朋友而已
6170c0eb00000000210379cf,没出cos去漫展也被人拍啦,3180,小直太,https://sns-avatar-qc.xhscdn.com/avatar/6129be6f5fbe1b922ada63d9.jpg?imageView2/2/w/80/format/jpg,6080d6680000000001007441,2021-10-21 09:22,--Time out!--
61b88df0000000002103bdc2,久违的墨尔本漫展ozcomiccon,39,怎么葵事啊你,https://sns-avatar-qc.xhscdn.com/avatar/5ea07c5050f3d10001b7b8c5.jpg?imageView2/2/w/80/format/jpg,5abf6fe5e8ac2b1769e8002c,2021-12-14 20:28,"原本想出小樱cos的，结果假发和道具都没寄到，只好和男朋友双子lolita了
裙子是彩虹诗"
61829078000000002103e03b,广州CICF漫展边杰配音,3131,羡,https://sns-avatar-qc.xhscdn.com/avatar/618156aae97648d15370e1c3.jpg?imageView2/2/w/80/format/jpg,608c5e69000000000101f314,2021-11-03 21:36,是现场配音！#广州CICF漫展 #魔道祖师 #边杰见面会
60fe841e000000000102c3f9,南宁漫展｜2021月邪夏季盛典,1377,小优Yoyoko,https://sns-avatar-qc.xhscdn.com/avatar/5e46cd7b0000000001007961.jpg?imageView2/2/w/80/format/jpg,5e46cd7b0000000001007961,2021-07-26 17:45,"本周去夏典拍拍拍
cosplay专场嘿嘿"
615921cf000000000102f080,小学生cos蔡文姬去漫展玩是什么体验,4873,小无邪和猪小糖,https://sns-avatar-qc.xhscdn.com/avatar/60e3d38f27f95f990a4df56f.jpg?imageView2/2/w/80/format/jpg,5db83a9700000000010049d3,2021-10-03 11:21,#cosplay #二次元 #开学不惑 #漫展 #小学生 #漫展分享 #王者荣耀 #蔡文姬
61b99863000000002103a250,漫展上的捧场游客,487,鲑鱼子,https://sns-avatar-qc.xhscdn.com/avatar/5c697b1074b69e0001c46a2d.jpg?imageView2/2/w/80/format/jpg,5bd6dcc813feb70001c0fb10,2021-12-15 15:25,漫展上的捧场游客 #吃我一波Lolita安利
619e07d0000000002103ff8f,漫展集邮 克鲁鲁·采佩西COS,147,呼呼,https://sns-avatar-qc.xhscdn.com/avatar/61ab130bf103c90b2a8ad7e3.jpg?imageView2/2/w/80/format/jpg,5bc6a7aace03520001d084d1,2021-11-24 17:37,"进击的巨人YYDS
猴哥YYDS
V字仇杀队好帅～
#广州漫展 #漫展 #克鲁鲁
#进击的巨人 #V字仇杀队
#终结的炽天使"
610a89c400000000010270ba,cj第二天小豆噜出的小舞cos哟可可爱爱,11742,小豆噜,https://sns-avatar-qc.xhscdn.com/avatar/60e3d87bae7a4ca35adea86c.jpg?imageView2/2/w/80/format/jpg,60dc2e5700000000010044c9,2021-08-04 20:36,这个箱子真的是漫展神器！加带娃神器
60e9bf81000000002103c529,上海BW2021，漫展也太快乐了,15627,南北芝麻糊,https://sns-avatar-qc.xhscdn.com/avatar/5f075f4c074bc00001f45214.jpg?imageView2/2/w/80/format/jpg,5ba79a0d09da980001e28681,2021-07-10 23:40,--Time out!--
61476933000000002103606e,新人如何在漫展成为全自动模特？,561,小酱酱冬酱,https://sns-avatar-qc.xhscdn.com/avatar/614055664bd997a07591ce89.jpg?imageView2/2/w/80/format/jpg,5b5d03ee11be103596d69b8c,2021-09-20 00:45,"cpsp漫展我没有出cos，但是也有很多摄影大佬捧场，返图收到50+张
我也是刚刚入C圈不久的新人，但是我觉得我几次去漫展都能被挺多摄影大佬围拍
在这里想给大家出一些去漫展和平常约拍的小技巧
希望大家多多支持我~#漫展 #約拍 #拍照姿势 #拍照动作 #漫展经验"
6124c4e90000000001005f1f,把漫展视频拍成电影感正片,5961,SIANG司昂📷,https://sns-avatar-qc.xhscdn.com/avatar/6100df11036ba755df015b5d.jpg?imageView2/2/w/80/format/jpg,5e1ae6dd000000000100477b,2021-08-24 18:07,"2021BW漫展
#上海bw展   #cos"
60c702170000000001027797,Cp28漫展上的尴尬瞬间,14307,鲑鱼子,https://sns-avatar-qc.xhscdn.com/avatar/5c697b1074b69e0001c46a2d.jpg?imageView2/2/w/80/format/jpg,5bd6dcc813feb70001c0fb10,2021-06-14 15:15,Cp28漫展上的尴尬瞬间
5d9943630000000004019e43,漫展上～这个cos出的也太快了！菠菜！jian卖！,3173,是你的宝贝💜,https://sns-avatar-qc.xhscdn.com/avatar/5da6701aea65b8000178597a.jpg?imageView2/2/w/80/format/jpg,57d623be5e87e72b4bc82332,2019-10-06 09:29,@薯队长
61af3cd0000000000102c4fd,漫展注意事项【coser篇上】,8,儒雅的夏宝,https://sns-avatar-qc.xhscdn.com/avatar/61b07f497060f04130a3ed72.jpg?imageView2/2/w/80/format/jpg,5efff76f0000000001005a66,2021-12-07 18:52,"第一：出C注意服装，漫展是一个公共场合，大家出C要注意自己的服装，尽量不要穿太露的衣服，不然很容易出事！基本上每年漫展都会闹出来一些事情，大家注意哦～还有大家注意一下节日，国庆建军这些节日和服类的c服就不要穿了，不然容易被攻击
第二：不要给动漫角色抹黑，尽量还原角色，只穿C服不戴假毛去游场，魔改动漫角色，假发混戴，不化妆这些都是达咩的～如果这样做了遇到脾气比较直的会点你哦～这样谁都不开心没必要哒，如果真喜欢混搭咱们可以出私设，这样会好#一点，出角色的话请尽量还原
第三：拍照注意动作，特别是小姐姐们注意啦～作为coser，被摄影拍照的时候，大家一定注意自己的动作，注意隐私公共场合，不然下一条漫展新闻或许会有你啦#漫展"
619902390000000001024388,穿这条裙子去漫展疯狂被夸夸！,426,废兔兔,https://sns-avatar-qc.xhscdn.com/avatar/5fb5c42e3164810001014a71.jpg?imageView2/2/w/80/format/jpg,5dd3a44800000000010006fc,2021-11-20 22:12,"裙子:乙女十字结
鞋子:小甜柚
蝴蝶结发箍:心子时尚
袜子:梦幻人偶
假发:alice garden
乙女十字结真的好甜！被好多小姐妹夸可爱，开心ing
#吃我一波Lolita安利 #漫展"
615934600000000001028d4c,月邪国庆漫展的大尾巴妲己！,2202,温柔,https://sns-avatar-qc.xhscdn.com/avatar/60374836f22e33a0a0aaf923.jpg?imageView2/2/w/80/format/jpg,598dbd7382ec395edca0373a,2021-10-03 12:41,大尾巴可太显瘦了！#漫展分享 #王者荣耀 #妲己的星元皮肤
61b7f027000000000102d9db,漫展准备的无料透卡｜不知道会不会有人喜欢,189,葡萄大魔王,https://sns-avatar-qc.xhscdn.com/avatar/6010df8b77a85099fbf2d2ce.jpg?imageView2/2/w/80/format/jpg,570f364384edcd08ba0a461e,2021-12-14 10:30,"#再见2020，你好2021 #魔卡少女樱透明牌篇 #魔卡少女樱 #百变小樱 #
大家都很喜欢我画的姜饼🉑️，所以做成了透卡
打算线上漫展用"
609155510000000001029910,刺杀你 在下唯一的任务 ｜5.1萤火虫漫展,2312,阿fi子,https://sns-avatar-qc.xhscdn.com/avatar/6190fffa6b7f3b9f448f2f7a.jpg?imageView2/2/w/80/format/jpg,59dad7e244363b071596a237,2021-05-04 22:08,"存档一套照片
拍的真的太好了 战斗女仆味道太浓了！也特别有悬疑电影的味道！！
摄影：AGG"
608ff5d20000000001028929,别的coser不去漫展 VS 我不去漫展,800,魔法小YQ,https://sns-avatar-qc.xhscdn.com/avatar/5ff8186ddc838d54a3c7b20f.jpg?imageView2/2/w/80/format/jpg,5c986b0200000000160225b2,2021-05-03 21:08,"论coser假期不去漫展的原因，你是哪种？
✨
cos的是《野良神》的惠比寿小福"
616a6ea3000000002103b3a1,我上《北京日报》啦！纽约漫展的唯一国漫角色！,32200,啊Sai在纽约,https://sns-avatar-qc.xhscdn.com/avatar/6124fd2cc98c8ca1b1e95c9d.jpg?imageView2/2/w/80/format/jpg,5f5d94dd0000000001003861,2021-10-16 14:18,"希望更多的小伙伴们一起分享热爱！国漫崛起！
#青蛇劫起 #cosplay #国风 #国漫 #纽约 #漫展"
61bd554900000000010281c3,甜汤的俄罗斯漫展&偶遇日记,63,Eolhc_y.ue,https://sns-avatar-qc.xhscdn.com/avatar/5ffdba469e55bb0b117153e5.jpg?imageView2/2/w/80/format/jpg,5f3a535a0000000001005716,2021-12-18 11:28,"📍️俄罗斯 莫斯科
#汤姆费尔顿 去参加漫展了"
60fa3bb1000000000102963e,漫画家日常🌵漫画家视角的签售会第二集,14548,左小翎,https://sns-avatar-qc.xhscdn.com/avatar/61591d14542d6ca3e6010e9c.jpg?imageView2/2/w/80/format/jpg,57dfd94f50c4b47380d07a30,2021-07-23 11:46,"这是在北京场～！接下去的行程！
【7.25重庆漫展】
【7.31成都漫展】
【8.2宁波漫展】
【8.13上海书展】
欢迎来玩～！"
61b56d300000000001027a41,2002年后广州漫展老照片,512,梁敏莹,https://sns-avatar-qc.xhscdn.com/avatar/60744f304755aabf5bd72047.jpg?imageView2/2/w/80/format/jpg,5ca0618900000000120153ee,2021-12-12 11:32,胶卷相机照片扫描#漫展
61ac80a7000000000102ea0d,万用的漫展拍照姿势分享~,835,鲑鱼子,https://sns-avatar-qc.xhscdn.com/avatar/5c697b1074b69e0001c46a2d.jpg?imageView2/2/w/80/format/jpg,5bd6dcc813feb70001c0fb10,2021-12-05 17:04,万用的漫展拍照姿势分享~一分钟搞定场照九宫格！ #吃我一波Lolita安利
5ffede5d000000000101c700,【科普】第一次去漫展需要注意什么～,1037,千反田甜子,https://sns-avatar-qc.xhscdn.com/avatar/5d9e99bb57239100017d4fea.jpg?imageView2/2/w/80/format/jpg,59b7fd6c6a6a695b1ef2b693,2021-01-13 19:49,"之前录的一期科普视频
希望对大家有帮助
Cp结束了也可以去别的漫展啦"
615ba737000000002103609a,南宁国际会展中心良牙月邪漫展黑丝战斗女仆,651,MTCG,https://sns-avatar-qc.xhscdn.com/avatar/60ef4d9f3476f8da75743931.jpg?imageView2/2/w/80/format/jpg,58388e565e87e730970e3650,2021-10-05 09:15,"出镜：小熊
你们喜欢这样的照片风格吗"
60c707cb000000002103480b,初二学生的cos！在漫展被围拍的赫敏！,7128,养乐多的狸耳桑.,https://sns-avatar-qc.xhscdn.com/avatar/614764392f7fa24ff69cd689.jpg?imageView2/2/w/80/format/jpg,5f1ba03f000000000101ed92,2021-06-14 15:39,"初二的时候去漫展cos了我的女神赫敏！！现在过去好几年啦！古早图也被我搬来了哈哈哈哈哈
当时虽然很热但是真的超级开心耶🥰有很多人喜欢我的cos🤩也是因为这次在长c圈认识了很多大佬！"
61b84d060000000021038eb7,漫展保安小薛看漫展现场情况？cos小姐姐,97,漫展保安小薛,https://sns-avatar-qc.xhscdn.com/avatar/529594cd91bbf4c43608131bf9134bdc.jpg?imageView2/2/w/80/format/jpg,5ff8843e000000000101e6fb,2021-12-14 15:51,福州漫展有很多小姐姐，好看又可爱，最近元旦又有漫展了#漫展 #cos #旗袍 #漫展分享 #福州 #jk
619671b4000000002103f3ac,之前漫展的女仆,511,夕夜,https://sns-avatar-qc.xhscdn.com/avatar/5f3ac1bf000000000100b178.jpg?imageView2/2/w/80/format/jpg,5f3ac1bf000000000100b178,2021-11-18 23:31,"出镜：子透
摄影：我
#女仆装 #女仆 #漫展 #杭州约拍"
60f17ebe000000000102a0bd,偷拍的漫展大红花,20440,名井梨,https://sns-avatar-qc.xhscdn.com/avatar/6110254161d04cc5695e3474.jpg?imageView2/2/w/80/format/jpg,5aabef294eacab0699f96918,2021-07-16 20:42,"哈哈哈哈BW漫展朋友别在身上的
被我别在了头上"
608d4b2f000000000102df3e,去漫展摆摊啦～,324,我才是猪皮皮,https://sns-avatar-qc.xhscdn.com/avatar/61b57fc4c48fcfe8468f356d.jpg?imageView2/2/w/80/format/jpg,5a924459e8ac2b3e9fd3af36,2021-05-01 20:35,"巨!!!困!!!
昨晚没睡好，早上6:50起来磨蹭了一小时终于出门去漫展摆摊了。男朋友是老二次元却没有一起去过漫展，趁着朋友叫去漫展出摊，就带上了他帮我收钱哈哈哈😏
隔壁摊位的洛丽塔小姐妹也在卖奶油胶产品，有钥匙扣（第一次见）、隐形眼镜盒、卡套之类的，虽然也做了大半年，现场看到别人做的就很新奇。
自己4月中就开始准备，主打玉桂狗系列，小镜子都是15元一面，化妆镜45～60一面，今天综合下来，还是挺多喜欢玉桂狗奶油胶小镜子的～蝴蝶结在网上卖得最好的只卖了一面…一天下来收入200不多不少，但是还是挺开心的哈哈哈感觉有些新奇～
最后，还是感谢大家的喜欢啦啦啦啦"
61ba27bb000000002103514b,广州漫展结缘纪紫悦场照,9,Bling柏琳,https://sns-avatar-qc.xhscdn.com/avatar/5fa199e3bbcf90000120fae3.jpg?imageView2/2/w/80/format/jpg,5c20a66d0000000007016558,2021-12-16 01:36,"出镜：我自己
摄影：一个完全不会拍照的朋友
后期靠自己角度靠自己找了呜呜
但是效果还是不错的，也有好多认出来了我的角色
太高兴了！#广州漫展 #结缘纪 #场照 #04女孩"
619f08400000000001029022,盘点八位小姐姐漫展cos,912,可爱的小狗狗,https://sns-avatar-qc.xhscdn.com/avatar/6193174c46f95b321daa6d5e.jpg?imageView2/2/w/80/format/jpg,6102d49600000000010088a1,2021-11-25 11:51,#cos
615c3939000000000102d05f,敢信吗这是漫展返图！,2841,Zer0AM_,https://sns-avatar-qc.xhscdn.com/avatar/5f9a38e50162bb0001f8dd95.jpg?imageView2/2/w/80/format/jpg,5ee1e2140000000001007278,2021-10-05 19:38,"天台景真是太适合这两人了
真希波:@阿舟A_boat
📸: @jinse
明日香Ⅰ真希波ⅠEVAⅠcosplay
#cos #EVA #漫展分享"
617d17c8000000000102481a,广州漫展,1979,诚诚,https://sns-avatar-qc.xhscdn.com/avatar/60e54837f24ae517c0e26165.jpg?imageView2/2/w/80/format/jpg,60791b89000000000100969f,2021-10-30 18:00,大丰收#一起逛漫展
611c78cc0000000001028737,逛漫展找七刀社！,26302,多加喵,https://sns-avatar-qc.xhscdn.com/avatar/61ae1a49d857fa3d11623cdd.jpg?imageView2/2/w/80/format/jpg,5fe6f89700000000010021c6,2021-08-18 11:04,想起了去年尴尬的回忆！#凹凸世界 #漫展
5ff2de150000000001004592,漫展的大无语事件发生了,5170,极光AuroCabin,https://sns-avatar-qc.xhscdn.com/avatar/61a895cf4946161673806fdd.jpg?imageView2/2/w/80/format/jpg,550efb194fac634c58d6c9ca,2021-01-04 17:21,小丑竟是我自己
611d0439000000002103d343,那天漫展没了,2395,月初,https://sns-avatar-qc.xhscdn.com/avatar/60e99adb44530cbcda05457a.jpg?imageView2/2/w/80/format/jpg,60e08f7e0000000001003ef4,2021-08-18 20:59,然后我们去园博园，然后被保安赶走，后面才发现，不是因为疫情 ，是园博园里发生了一些事情。
61bf2e070000000021034554,一月份萤火虫漫展 就出哈尔吧！,6,基德的礼帽,https://sns-avatar-qc.xhscdn.com/avatar/6180994f161b393dd50856cc.jpg?imageView2/2/w/80/format/jpg,601a8290000000000100b2a3,2021-12-19 21:05,试穿了下 感觉也是小了点
6183c2a3000000000100421b,曾经的童年阴影，你们能认出来是谁吗？ #穿搭 #漫展 ,1461,氪金研究所,https://sns-avatar-qc.xhscdn.com/avatar/5e92c8306b7a7b000194b2ff.jpg?imageView2/2/w/80/format/jpg,5b9630e3f348060001dd2886,2021-11-07 14:00,曾经的童年阴影，你们能认出来是谁吗？ #穿搭   #漫展
615ad62400000000010256cf,带上兽兽去漫展！！,483,榊原结衣,https://sns-avatar-qc.xhscdn.com/avatar/61344bf8195cb905bf6a816e.jpg?imageView2/2/w/80/format/jpg,607ec2980000000001006e07,2021-10-04 18:23,新人第一个头 带去漫展 差点被rua秃了 #兽装fursuit #兽装 #兽设 #漫展 #自制兽装
6162c4360000000001025f92,周末快乐去漫展当二次元～,5814,冥夜殿,https://sns-avatar-qc.xhscdn.com/avatar/5fc50fd1bc3719000136f3b6.jpg?imageView2/2/w/80/format/jpg,5fc50f83000000000100648d,2021-10-10 18:45,"程序员同事问我周末都在干嘛，为啥不一起出去玩耍，
我说周末要去另一个次元#夏尔 #漫展 #cos"
